"Num_Acc";"jour";"mois";"an";"hrmn";"lum";"dep";"com";"agg";"int";"atm";"col";"adr";"lat";"long"
"202000000747";"24";"8";"2020";"17:50";"1";"33";"33506";"1";"1";"1";"3";"1 Lieu Dit Penic";"44,6856900";" -0,0449800"
"202000000748";"16";"8";"2020";"09:00";"1";"32";"32044";"1";"1";"1";"3";"84 Route de Saint Puy";"43,9171610";"0,4078680"
"202000000749";"25";"8";"2020";"11:55";"1";"49";"49261";"1";"1";"1";"6";"D952";"47,3069960";" -0,1348460"
"202000000750";"24";"8";"2020";"14:05";"1";"44";"44013";"1";"1";"1";"1";"RD 773";"47,4070920";" -2,0940110"
"202000000751";"24";"8";"2020";"14:45";"1";"29";"29221";"2";"3";"1";"1";"Rue du Port";"48,4829561";" -4,7693606"
"202000000752";"24";"8";"2020";"20:00";"2";"54";"54579";"1";"1";"1";"7";"D89";"48,9490550";"6,0139520"
"202000000753";"23";"8";"2020";"11:15";"1";"83";"83025";"1";"1";"1";"6";"D34 route de BRAS";"43,5231300";"5,9788160"
"202000000754";"25";"8";"2020";"14:00";"1";"40";"40118";"1";"1";"1";" -1";"D3";"43,5881310";" -0,9210490"
"202000000755";"24";"8";"2020";"23:45";"3";"08";"08222";"1";"1";"1";"7";"Rue du Monument Prolongée";"50,0076560";"4,7138860"
"202000000756";"25";"8";"2020";"09:50";"1";"24";"24035";"1";"1";"1";"7";"D710";"44,7608130";"1,0136600"
"202000000757";"25";"8";"2020";"10:30";"1";"35";"35275";"1";"1";"1";"4";"RN 12";"48,1600310";" -1,8411110"
"202000000758";"17";"6";"2020";"09:40";"1";"74";"74010";"2";"5";"2";"6";"12 Avenue d'Aix-les-bains (Seynod)";"45,8923900";"6,1107530"
"202000000759";"23";"8";"2020";"20:15";"1";"06";"06085";"2";"3";"1";"3";"Chemin des Argelas";"43,5868750";"7,0220110"
"202000000760";"1";"12";"2020";"19:25";"5";"93";"93055";"2";"3";"1";"2";"Avenue Edouard Vaillant";"48,8969180";"2,4002482"
"202000000761";"30";"12";"2020";"07:30";"5";"93";"93055";"2";"1";"2";"3";"JEAN LOLIVE (AVENUE)(1/55 2/60)";"48,8923962";"2,4089190"
"202000000762";"23";"12";"2020";"15:04";"1";"93";"93055";"2";"1";"8";"3";"VICTOR HUGO (65/FIN . 62/FIN)";"48,8934500";"2,4110800"
"202000000763";"21";"12";"2020";"19:25";"5";"93";"93055";"2";"1";"2";"3";"JEAN LOLIVE (AVENUE)(55/73.62/86)";"48,8913800";"2,4039900"
"202000000764";"20";"12";"2020";"19:35";"2";"93";"93055";"2";"6";"1";"3";"JEAN LOLIVE (AVENUE)(137/FIN ET 134/FIN)";"48,8935500";"2,4149300"
"202000000765";"17";"12";"2020";"17:25";"2";"93";"93055";"2";"1";"1";"3";"CARTIER BRESSON DU 41/93.46/100";"48,9013125";"2,4022089"
"202000000766";"8";"12";"2020";"11:12";"1";"93";"93055";"2";"1";"1";" -1";"EDOUARD VAILLANT DU 1 A FIN.";"48,9002236";"2,3955337"
"202000000767";"5";"12";"2020";"14:10";"1";"93";"93055";"2";"1";"1";"3";"PRE ST GERVAIS (DU) (29/53 . 28/54)";"48,8894800";"2,4034000"
"202000000768";"1";"12";"2020";"10:20";"1";"93";"93008";"2";"3";"1";"3";"SEMARD (RUE PIERRE)";"48,9118417";"2,4464420"
"202000000769";"19";"11";"2020";"14:39";"1";"93";"93055";"2";"5";"1";"1";"MEHUL (1/37. 2/24)";"48,8891511";"2,4101446"
"202000000770";"17";"11";"2020";"18:01";"5";"93";"93055";"2";"1";"1";"6";"GENERAL LECLERC (AVENUE)(1/41 ET 2/76)";"48,8955081";"2,4005275"
"202000000771";"9";"11";"2020";"11:30";"1";"93";"93055";"2";"1";"1";"6";"GABRIELLE JOSSERAND";"48,9039100";"2,3947000"
"202000000772";"7";"11";"2020";"18:30";"4";"93";"93001";"2";"1";"1";"2";"LUCIEN LEFRANC (QUAI)";"48,9109881";"2,3738928"
"202000000773";"6";"11";"2020";"17:05";"2";"93";"93055";"2";"6";"1";"3";"JEAN LOLIVE (AVENUE)(137/FIN ET 134/FIN)";"48,8954189";"2,4257724"
"202000000774";"3";"11";"2020";"11:50";"1";"93";"93055";"2";"3";"1";"3";"JEAN LOLIVE (AVENUE)(1/55 2/60)";"48,8904480";"2,3987887"
"202000000775";"3";"11";"2020";"10:50";"1";"93";"93055";"2";"3";"1";"3";"EDOUARD VAILLANT DU 1 A FIN.";"48,8969094";"2,4002195"
"202000000776";"3";"11";"2020";"07:35";"2";"93";"93055";"2";"3";"1";"3";"Rue Rouget de Lisle";"48,8898199";"2,4100272"
"202000000777";"29";"10";"2020";"13:40";"1";"93";"93055";"2";"1";"2";" -1";"JEAN LOLIVE (AVENUE)(75/105.88/106)";"48,8919000";"2,4072500"
"202000000778";"28";"10";"2020";"20:10";"5";"93";"93055";"2";"3";"1";"2";"JEAN LOLIVE (AVENUE)(137/FIN ET 134/FIN)";"48,8941020";"2,4178927"
"202000000779";"21";"10";"2020";"17:40";"1";"93";"93055";"2";"1";"1";"5";"GENERAL LECLERC(AVE DU)89/FIN ET 122/FIN";"48,9019500";"2,4139600"
"202000000780";"19";"10";"2020";"19:20";"2";"93";"93055";"2";"9";"1";"3";"DELIZY (DU 23 A FIN ET DU 20 A FIN)";"48,8968280";"2,4086297"
"202000000781";"16";"10";"2020";"15:20";"1";"93";"93055";"2";"3";"1";"6";"COURTOIS";"48,8937500";"2,4161900"
"202000000782";"15";"10";"2020";"12:35";"1";"93";"93055";"2";"1";"1";"3";"JEAN JAURES (AVENUE)(130 AU 172)";"48,9083600";"2,3971824"
"202000000783";"11";"10";"2020";"15:00";"1";"93";"93055";"2";"9";"1";"2";"MAGENTA";"48,9005400";"2,3938900"
"202000000784";"10";"10";"2020";"09:15";"1";"93";"93055";"2";"3";"1";"3";"VICTOR HUGO (65/FIN . 62/FIN)";"48,8934482";"2,4112119"
"202000000785";"3";"10";"2020";"22:10";"5";"93";"93055";"2";"1";"2";"7";"JEAN LOLIVE (AVENUE)(137/FIN ET 134/FIN)";"48,8952700";"2,4246700"
"202000000786";"1";"10";"2020";"18:45";"1";"93";"93055";"2";"1";"1";"3";"GENERAL LECLERC(AVE DU)(43/87 ET 78/120)";"48,8970879";"2,4036781"
"202000000787";"30";"9";"2020";"09:30";"1";"93";"93055";"2";"1";"8";"6";"SCANDICCI";"48,8929491";"2,3983564"
"202000000788";"30";"9";"2020";"09:28";"1";"93";"93055";"2";"3";"2";"1";"BERGES";"48,8934587";"2,4112285"
"202000000789";"29";"9";"2020";"02:50";"3";"93";"93055";"2";"1";"1";"2";"JEAN LOLIVE (AVENUE)(137/FIN ET 134/FIN)";"48,8949100";"2,4222100"
"202000000790";"25";"9";"2020";"13:15";"1";"93";"93055";"2";"1";"2";"6";"Rue Jules Auffret";"48,8868600";"2,4104000"
"202000000791";"24";"9";"2020";"21:30";"5";"93";"93055";"2";"1";"2";"6";"JEAN LOLIVE (AVENUE)(137/FIN ET 134/FIN)";"48,8932789";"2,4132270"
"202000000792";"19";"9";"2020";"17:05";"1";"93";"93055";"2";"3";"8";"1";"LAVOISIER";"48,8894213";"2,4198114"
"202000000793";"16";"9";"2020";"18:55";"2";"93";"93029";"2";"1";"1";"1";"JUMELLE (AVENUE DE LA )";"48,9163986";"2,4638343"
"202000000794";"15";"9";"2020";"11:05";"1";"93";"93055";"2";"1";"1";"3";"GENERAL LECLERC(AVE DU)(43/87 ET 78/120)";"48,9026543";"2,4154928"
"202000000795";"7";"9";"2020";"00:00";"5";"93";"93055";"2";"1";"1";"1";"GABRIELLE JOSSERAND";"48,9050569";"2,3963145"
"202000000796";"22";"8";"2020";"00:55";"3";"93";"93055";"2";"3";"1";"3";"JEAN LOLIVE (AVENUE)(107/135 ET 108/132)";"48,8930797";"2,4122546"
"202000000797";"13";"8";"2020";"19:02";"1";"93";"93055";"2";"1";"1";" -1";"GENERAL LECLERC(AVE DU)89/FIN ET 122/FIN";"48,8967749";"2,4029119"
"202000000798";"17";"7";"2020";"22:05";"5";"93";"93055";"2";"9";"1";"3";"JEAN JAURES (AVENUE) (178/204)";"48,9092000";"2,3982000"
"202000000799";"7";"7";"2020";"05:26";"2";"93";"93008";"2";"1";"1";"6";"ALLENDE (AVE DU P. SALVADOR)";"48,9014100";"2,4431700"
"202000000800";"27";"6";"2020";"12:53";"1";"93";"93055";"2";"1";"1";"2";"AV DU GENERAL LECLERC";"48,8979869";"2,4054934"
"202000000801";"9";"7";"2020";"15:05";"1";"93";"93055";"2";"1";"1";"4";"DELIZY (DU 23 A FIN ET DU 20 A FIN)";"48,8963800";"2,4090600"
"202000000802";"26";"6";"2020";"17:05";"1";"93";"93055";"2";"1";"7";"2";"CIMETIERE PARISIEN (AVENUE DU)";"48,9091229";"2,3981551"
"202000000803";"19";"6";"2020";"19:15";"1";"93";"93055";"2";"1";"2";"2";"DIVISION LECLERC (AVE DE LA)";"48,9105800";"2,4143868"
"202000000804";"16";"6";"2020";"08:15";"1";"93";"93055";"2";"1";"1";"6";"GENERAL LECLERC(AVE DU)(43/87 ET 78/120)";"48,8967840";"2,4030074"
"202000000805";"6";"6";"2020";"13:00";"1";"93";"93055";"2";"1";"1";"3";"GENERAL LECLERC(AVE DU)89/FIN ET 122/FIN";"48,9019720";"2,4140322"
"202000000806";"24";"6";"2020";"11:24";"1";"93";"93055";"2";"9";"1";"2";"JEAN LOLIVE (AVENUE)(137/FIN ET 134/FIN)";"48,8934700";"2,4145600"
"202000000807";"26";"5";"2020";"13:08";"1";"93";"93008";"2";"3";"1";"6";"STALINGRAD (RUE DE) A10";"48,9156315";"2,4262844"
"202000000808";"19";"5";"2020";"12:13";"1";"93";"93055";"2";"1";"1";"3";"JEAN JAURES (AVENUE)(130 AU 172)";"48,9070796";"2,3957944"
"202000000809";"18";"5";"2020";"18:45";"1";"93";"93055";"2";"3";"7";"3";"JEAN LOLIVE (AVENUE)(75/105.88/106)";"48,8924900";"2,4098200"
"202000000810";"6";"5";"2020";"23:10";"5";"93";"93008";"2";"6";"1";"3";"BARBUSSE (AVENUE HENRI) A30";"48,9073500";"2,4254000"
"202000000811";"13";"5";"2020";"15:00";"1";"93";"93055";"2";"1";"1";"6";"EDOUARD VAILLANT DU 64/130";"48,9001065";"2,3956618"
"202000000812";"9";"3";"2020";"08:30";"1";"93";"93055";"2";"1";"1";"6";"ERNEST RENAN";"48,8945514";"2,4185630"
"202000000813";"5";"3";"2020";"16:57";"1";"93";"93055";"2";"1";"3";"6";"GENERAL LECLERC (AVENUE)(1/41 ET 2/76)";"48,8960000";"2,4020000"
"202000000814";"20";"3";"2020";"14:35";"1";"93";"93055";"2";"6";"1";"3";"JEAN LOLIVE (AVENUE)(137/FIN ET 134/FIN)";"48,8954900";"2,4260600"
"202000000815";"21";"2";"2020";"08:50";"1";"93";"93055";"2";"2";"1";"3";"CECILE FAGUET";"48,8902400";"2,4210900"
"202000000816";"8";"2";"2020";"20:50";"5";"93";"93055";"2";"1";"1";"2";"JEAN LOLIVE (AVENUE)(1/55 2/60)";"48,8907034";"2,4003144"
"202000000817";"20";"2";"2020";"18:19";"1";"93";"93055";"2";"1";"2";"6";"JEAN LOLIVE (AVENUE)(1/55 2/60)";"48,8934882";"2,4144068"
"202000000818";"23";"1";"2020";"21:15";"5";"93";"93008";"2";"1";"1";"2";"VAILLANT COUTURIER (AVENUE PAUL)";"48,9098882";"2,4441780"
"202000000819";"22";"1";"2020";"15:00";"1";"93";"93008";"2";"6";"1";"3";"PARIS (RUE DE)";"48,8957100";"2,4259700"
"202000000820";"4";"3";"2020";"23:05";"5";"06";"06029";"2";"1";"1";"1";"Avenue du Docteur PICAUD";"43,5504400";"6,9900300"
"202000000821";"12";"8";"2020";"20:10";"2";"84";"84007";"2";"3";"1";"3";"PIERRE SEMARD (avenue)";"43,9367200";"4,8265400"
"202000000822";"2";"12";"2020";"14:30";"1";"93";"93008";"2";"7";"1";"6";"NORMANDIE (RUE DE)";"48,9092077";"2,4385893"
"202000000823";"7";"12";"2020";"11:00";"1";"93";"93008";"2";"7";"8";"3";"PLACE SAINT JUSTE";"48,9060800";"2,4696000"
"202000000824";"31";"12";"2020";"03:30";"3";"06";"06088";"1";"1";"2";"6";"autoroute A8, PK 191.800 chaussée nord, descente de Crémat";"43,7104160";"7,1996070"
"202000000825";"12";"9";"2020";"15:15";"1";"38";"38395";"2";"7";"1";"1";"Route des 3 Villages";"45,3099340";"5,8870040"
"202000000826";"18";"12";"2020";"20:17";"3";"57";"57663";"1";"1";"1";"2";"Autoroute A31";"49,2345200";"6,1799500"
"202000000827";"2";"7";"2020";"16:05";"1";"976";"97611";"1";"1";"1";"6";"m'tsapere-Nationale 2 (route)";" -12,7907200";"45,2196400"
"202000000828";"11";"10";"2020";"10:30";"1";"85";"85262";"1";"1";"8";"7";"D17";"47,0213600";" -1,4898500"
"202000000829";"3";"1";"2020";"14:25";"1";"95";"95280";"2";"2";"1";"6";"SALENGRO ROGER ( BOULEVARD)";"49,0333100";"2,4729300"
"202000000830";"2";"1";"2020";"13:50";"1";"35";"35238";"2";"2";"8";"4";"ARMORIQUE (BD D')";"48,1313330";" -1,6733240"
"202000000831";"24";"9";"2020";"11:53";"1";"18";"18279";"2";"1";"1";"6";"GAILLARDIERE (CHEMIN DE LA)";"47,2243000";"2,1096600"
"202000000832";"10";"9";"2020";"17:15";"1";"03";"03133";"2";"1";"1";"6";"Grande Rue";"46,1647044";"3,1900793"
"202000000833";"21";"10";"2020";"06:55";"1";"973";"97302";"2";"1";"1";"3";"MADELEINE (ROUTE DE LA)";"4,9259663";" -52,3242760"
"202000000834";"5";"9";"2020";"10:30";"1";"973";"97302";"2";"1";"1";"7";"HEDER (place)";"4,9394185";" -52,3348224"
"202000000835";"16";"2";"2020";"15:17";"1";"987";"98724";"1";"1";"1";"7";"MAROE";" -16,7495720";" -150,9979070"
"202000000836";"11";"12";"2020";"16:46";"2";"13";"13051";"1";"1";"2";"4";"D113";"43,5648290";"5,1575660"
"202000000837";"2";"7";"2020";"09:10";"1";"01";"01390";"1";"1";"1";"6";"Route de Loyettes";"45,8084760";"5,2699610"
"202000000838";"18";"2";"2020";"20:05";"5";"93";"93027";"2";"7";"1";"6";"SAINT-DENIS (RUE DE)";"48,9300757";"2,3850193"
"202000000839";"18";"12";"2020";"17:45";"5";"84";"84003";"2";"1";"1";"6";"Quai de la Liberté";"43,8771780";"5,3947590"
"202000000840";"10";"12";"2020";"14:10";"1";"84";"84086";"1";"1";"1";"7";"Route de Menerbes";"43,8511020";"5,1470120"
"202000000841";"30";"11";"2020";"02:15";"3";"90";"90096";"1";"1";"1";"6";"Fêche-l'Église";"47,5177120";"6,9601390"
"202000000842";"15";"8";"2020";"22:30";"5";"03";"03190";"1";"1";"1";"7";"Route de Montilly";"46,5729719";"3,3073960"
"202000000843";"20";"6";"2020";"03:15";"3";"88";"88069";"1";"1";"1";"6";"Bouxières-aux-Bois";"48,2652370";"6,3164930"
"202000000844";"6";"7";"2020";"02:40";"5";"93";"93008";"2";"1";"1";"6";"PUREE (RUE DE LA)";"48,9106600";"2,4327100"
"202000000845";"8";"1";"2020";"16:32";"1";"13";"13215";"1";"1";"1";"4";"A7-Sens Lyon vers Marseille";"43,3754530";"5,3599300"
"202000000846";"20";"12";"2020";"20:55";"3";"972";"97217";"1";"1";"1";"1";"N5, petite Poterie";"14,4505610";" -60,8967230"
"202000000847";"5";"9";"2020";"18:21";"2";"973";"97302";"1";"1";"1";"6";"ZONE COLLERY I OU II";"4,9066399";" -52,3248339"
"202000000848";"5";"9";"2020";"16:50";"1";"973";"97302";"1";"6";"1";"3";"MARINGOUINS (ROND-POINT)";"4,9077302";" -52,3225272"
"202000000849";"15";"6";"2020";"17:00";"1";"06";"06030";"2";"1";"1";"6";"AUBAREDE (CHEMIN DE L')";"43,5667000";"7,0167000"
"202000000850";"14";"6";"2020";"05:20";"5";"93";"93008";"2";"2";"1";"3";"ROSTAND (PROMENADE JEAN)";"48,9086499";"2,4542142"
"202000000851";"18";"11";"2020";"10:40";"1";"84";"84137";"2";"3";"1";"6";"Avenue du Général de Gaulle";"44,2411250";"5,0740050"
"202000000852";"6";"8";"2020";"08:55";"1";"38";"38563";"2";"1";"1";"6";"PATINIERE (AVENUE DE LA)";"45,3473900";"5,5769000"
"202000000853";"13";"6";"2020";"05:30";"2";"93";"93008";"2";"9";"1";"3";"¨PLACE DE L'ESCADRILLE NORMANDIE NIEMEN";"48,9128900";"2,4368100"
"202000000854";"30";"8";"2020";"22:00";"5";"973";"97302";"2";"9";"1";"7";"MONTABO (ROUTE DE) 1";"4,9411800";" -52,3028600"
"202000000855";"4";"1";"2020";"06:28";"2";"973";"97302";"2";"1";"1";"3";"FLAMBOYANTS (RUE DES)";"4,9234008";" -52,3202741"
"202000000856";"15";"12";"2020";"10:15";"1";"93";"93079";"2";"1";"2";"3";"SAINT LEU (ROUTE)";"48,9530200";"2,3366100"
"202000000857";"8";"12";"2020";"19:40";"5";"93";"93031";"2";"9";"1";"3";"DE LATTRE DE TASSIGNY (1 A 51)";"48,9528700";"2,3157500"
"202000000858";"17";"9";"2020";"17:32";"1";"61";"61092";"2";"2";"1";"2";"N/A";"48,7530610";"0,7402950"
"202000000859";"28";"6";"2020";"09:00";"1";"85";"85074";"2";"1";"1";" -1";"N/A";"46,5249500";" -1,2626200"
"202000000860";"24";"4";"2020";"13:15";"1";"85";"85047";"2";"1";"1";"5";"Route des Sables";"46,8351700";" -1,8737400"
"202000000861";"25";"12";"2020";"16:40";"1";"83";"83129";"2";"1";"1";"6";"BRUSC (CHE DU)";"43,0744132";"5,8004352"
"202000000862";"1";"1";"2020";"05:00";"5";"93";"93027";"2";"1";"1";"3";"JAURES (AVENUE JEAN)";"48,9241530";"2,4026234"
"202000000863";"25";"1";"2020";"01:02";"3";"91";"91687";"1";"1";"5";"4";"AUTOROUTE A6";"48,6625800";"2,3680000"
"202000000864";"6";"12";"2020";"05:31";"3";"13";"13004";"1";"1";"5";"6";"RTE NATIONALE PONT DE CRAU";"43,6501500";"4,6799800"
"202000000865";"5";"4";"2020";"17:40";"1";"93";"93070";"2";"1";"2";"6";"ROSIERS(DES) :N° 1 AU 59";"48,9060100";"2,3360500"
"202000000866";"15";"6";"2020";"07:15";"1";"988";"98818";"2";"3";"1";"3";"RUE PASTEUR/RUE EDOUARD UNGER";" -22,2625600";"166,4448500"
"202000000867";"18";"10";"2020";"19:50";"3";"42";"42223";"1";"1";"2";"1";"D15";"45,4530280";"4,3426520"
"202000000868";"11";"12";"2020";"15:20";"1";"75";"75116";"2";"1";"3";"6";"ROUTE DES MOULINS";"48,8658940";"2,2357640"
"202000000869";"25";"2";"2020";"01:45";"5";"75";"75102";"2";"1";"2";"6";"RUE MONTMARTRE";"48,8712060";"2,3429860"
"202000000870";"11";"8";"2020";"13:30";"1";"976";"97611";"2";"1";"1";"6";"vahibe-Vietnam (rue)";" -12,7299100";"45,1774300"
"202000000871";"26";"6";"2020";"17:25";"2";"976";"97611";"2";"1";"1";"6";"mamoudzou centre-Haladi Selemani ( rue )";" -12,7809510";"45,2319990"
"202000000872";"29";"6";"2020";"18:05";"1";"68";"68315";"1";"9";"1";"2";"D83";"47,8878700";"7,2552680"
"202000000873";"30";"12";"2020";"10:36";"1";"2A";"2A004";"2";"1";"2";"3";"Bd Louis Campi";"41,9442900";"8,7558400"
"202000000874";"22";"8";"2020";"11:00";"1";"976";"97611";"2";"1";"1";"1";"tsoundzou-SIM ( rue de la )";" -12,8183500";"45,1966800"
"202000000875";"12";"8";"2020";"14:00";"1";"976";"97611";"2";"6";"1";"3";"cavani-Rond point du Baobab";" -12,7854100";"45,2259400"
"202000000876";"18";"7";"2020";"09:00";"1";"976";"97611";"2";"1";"1";" -1";"passamanty-Rassini (ruelle)";" -12,8004300";"45,2152000"
"202000000877";"6";"9";"2020";"17:25";"1";"976";"97611";"1";"1";"1";"6";"kaweni-SPPM ( rue de la )";" -12,7716600";"45,2228700"
"202000000878";"17";"2";"2020";"06:40";"1";"976";"97611";"2";"3";"1";"3";"passamanty-Rassini (ruelle)";" -12,8004000";"45,2159000"
"202000000879";"23";"8";"2020";"06:56";"1";"976";"97611";"2";"1";"1";"2";"m'tsapere-M'tsapéré- M'tsangani ( rue )";" -12,7876000";"45,2250600"
"202000000880";"13";"7";"2020";"14:55";"1";"976";"97611";"2";"1";"1";"6";"kaweni-Poste ( rue de la )";" -12,7722459";"45,2224879"
"202000000881";"27";"7";"2020";"14:25";"1";"976";"97611";"2";"1";"1";"3";"kaweni-Mangrove ( rue de la )";" -12,7758800";"45,2268100"
"202000000882";"9";"2";"2020";"02:20";"3";"57";"57306";"1";"1";"1";"3";"Autoroute A30";"49,3269361";"6,0629758"
"202000000883";"1";"7";"2020";"00:05";"5";"75";"75110";"2";"1";"1";"3";"BOULEVARD DE STRASBOURG";"48,8696440";"2,3544300"
"202000000884";"20";"8";"2020";"16:25";"1";"84";"84007";"2";"1";"1";"6";"PLACE SAINT LAZARE";"43,9510200";"4,8195200"
"202000000885";"11";"12";"2020";"13:47";"1";"76";"76329";"1";"1";"2";"5";"D6015";"49,5611500";"0,4826700"
"202000000886";"7";"5";"2020";"23:14";"3";"91";"91617";"1";"1";"1";"6";"RN6 PROVINCE / RN104 INT";"48,6315200";"2,5159400"
"202000000887";"1";"1";"2020";"01:25";"5";"93";"93046";"2";"6";"8";"3";"TURGOT";"48,9186846";"2,5204487"
"202000000888";"28";"11";"2020";"16:55";"5";"75";"75119";"2";"2";"1";"6";"BOULEVARD DE LA VILLETTE";"48,8843390";"2,3668830"
"202000000889";"28";"12";"2020";"18:25";"3";"77";"77508";"1";"1";"3";"2";"D96";"48,8237270";"2,8348640"
"202000000890";"26";"2";"2020";"09:45";"1";"92";"92062";"2";"1";"1";"4";"DE DION BOUTON (QUAI) DU 29 AU 65";"48,8827958";"2,2479292"
"202000000891";"23";"11";"2020";"13:55";"1";"74";"74042";"2";"1";"1";"6";"Route de Cluses";"46,0735100";"6,4100340"
"202000000892";"28";"7";"2020";"23:25";"5";"73";"73008";"2";"6";"1";"3";"D1201 ROOSEVELT FRANKLIN AVENUE";"45,7018314";"5,9091384"
"202000000893";"9";"12";"2020";"05:20";"5";"62";"62193";"2";"6";"2";"3";"LOUIS BLERIOT (AVENUE)";"50,9494180";"1,8622520"
"202000000894";"14";"12";"2020";"22:00";"5";"62";"62351";"2";"1";"8";"6";"OUSSEKINE (R MALIK)";"50,4209671";"2,9069245"
"202000000895";"30";"12";"2020";"19:10";"3";"62";"62186";"1";"1";"2";"6";"SCHWEITZER ( R DU DOCTEUR)";"50,4482779";"2,7050440"
"202000000896";"5";"12";"2020";"16:10";"1";"62";"62498";"2";"3";"1";"6";"LANOY (R RENE)";"50,4311210";"2,8331900"
"202000000897";"7";"10";"2020";"20:30";"5";"62";"62624";"2";"1";"1";"6";"REPUBLIQUE (AVE DE LA )";"50,4149100";"2,9825700"
"202000000898";"19";"12";"2020";"13:30";"1";"74";"74012";"2";"3";"1";"3";"RESISTANCE (RUE DE LA)";"46,1962200";"6,2568400"
"202000000899";"15";"12";"2020";"07:40";"5";"73";"73008";"2";"6";"2";"6";"D991 WILSON BOULEVARD";"45,6897799";"5,9094724"
"202000000900";"2";"12";"2020";"09:40";"1";"73";"73008";"2";"8";"8";"6";"PN 10 ROSELIERE CHEMIN DE LA";"45,7090736";"5,8921320"
"202000000901";"24";"6";"2020";"23:30";"5";"64";"64102";"2";"1";"1";"7";"PAMPELUNE (AVENUE DE)";"43,4885000";" -1,4788000"
"202000000902";"19";"6";"2020";"23:30";"5";"64";"64102";"2";"1";"1";"7";"ALSACE LORRAINE (BOULEVARD)";"43,4914400";" -1,4637800"
"202000000903";"24";"8";"2020";"09:30";"1";"92";"92035";"2";"2";"1";"3";"National ( boulevard )";"48,9085201";"2,2371876"
"202000000904";"12";"4";"2020";"17:00";"1";"35";"35288";"1";"1";"1";"7";"La Grande Toutenais";"48,6659220";" -1,9580770"
"202000000905";"24";"12";"2020";"17:25";"5";"76";"76351";"2";"2";"1";"3";"DEMIDOFF (RUE)";"49,4976500";"0,1361500"
"202000000906";"21";"12";"2020";"20:07";"5";"76";"76351";"2";"1";"1";"1";"BELLOT";"49,4861800";"0,1267500"
"202000000907";"9";"12";"2020";"18:00";"5";"76";"76351";"2";"2";"1";"3";"BOIS AU COQ (AVENUE)";"49,5128000";"0,1255000"
"202000000908";"5";"12";"2020";"14:15";"1";"76";"76351";"2";"1";"1";"6";"HUIT MAI 1945 (AVENUE DU)";"49,5156700";"0,1709200"
"202000000909";"4";"12";"2020";"17:30";"5";"76";"76351";"2";"1";"1";"6";"AUGUSTE RISPAL";"49,4931000";"0,1419000"
"202000000910";"12";"6";"2020";"20:40";"5";"971";"97105";"2";"1";"1";"6";"BD GERTY ARCHIMEDE";"15,9907300";" -61,7280800"
"202000000911";"5";"12";"2020";"07:15";"2";"83";"83050";"2";"1";"8";"6";"PIQUEMAL( PLACE)";"43,5394200";"6,4595900"
"202000000912";"28";"12";"2020";"11:30";"1";"24";"24037";"2";"1";"2";"6";"PASTEUR (AVENUE)";"44,8583600";"0,4928500"
"202000000913";"13";"11";"2020";"14:55";"1";"02";"02691";"2";"2";"1";"3";"NEUVILLE-ST-AMAND (RTE DE)";"49,8505640";"3,2679310"
"202000000914";"4";"2";"2020";"13:13";"1";"17";"17300";"2";"1";"1";"6";"CHAUDRIER   RUE";"46,1625600";" -1,1524500"
"202000000915";"1";"12";"2020";"16:20";"1";"01";"01014";"2";"6";"2";"3";"CD 31";"46,2751150";"5,6604060"
"202000000916";"1";"12";"2020";"14:50";"1";"75";"75120";"2";"3";"1";"2";"RUE DES PYRENEES";"48,8581180";"2,4033760"
"202000000917";"1";"12";"2020";"19:30";"5";"75";"75119";"2";"2";"1";"3";"RUE MANIN";"48,8832260";"2,3878320"
"202000000918";"1";"12";"2020";"17:15";"5";"75";"75119";"2";"1";"8";"7";"BOULEVARD D ALGERIE";"48,8821460";"2,4005040"
"202000000919";"1";"12";"2020";"12:45";"1";"75";"75119";"2";"3";"1";"6";"BOULEVARD MACDONALD";"48,8987740";"2,3741030"
"202000000920";"1";"12";"2020";"06:55";"5";"75";"75119";"2";"1";"1";"3";"RUE CLAVEL";"48,8745550";"2,3850850"
"202000000921";"30";"11";"2020";"17:30";"5";"75";"75118";"2";"4";"1";"3";"RUE ORDENER";"48,8908780";"2,3532110"
"202000000922";"1";"12";"2020";"12:15";"1";"75";"75115";"2";"4";"1";"3";"BOULEVARD PASTEUR";"48,8445450";"2,3115530"
"202000000923";"1";"12";"2020";"13:30";"1";"75";"75114";"2";"1";"1";"7";"RUE PERNETY";"48,8329560";"2,3197290"
"202000000924";"1";"12";"2020";"11:56";"1";"75";"75112";"2";"3";"1";"5";"RUE DE PICPUS";"48,8410930";"2,3988870"
"202000000925";"1";"12";"2020";"08:00";"1";"75";"75110";"2";"1";"1";"2";"RUE DE DUNKERQUE";"48,8796550";"2,3565480"
"202000000926";"1";"12";"2020";"11:19";"1";"75";"75107";"2";"2";"1";"3";"AVENUE DU MARECHAL GALLIENI";"48,8610440";"2,3132520"
"202000000927";"30";"11";"2020";"19:00";"5";"94";"94068";"2";"9";"1";"3";"HENRI MARTIN (AV)";"48,7980600";"2,4882800"