"Num_Acc";"jour";"mois";"an";"hrmn";"lum";"dep";"com";"agg";"int";"atm";"col";"adr";"lat";"long"
"202000001116";"5";"3";"2020";"15:00";"1";"75";"75116";"2";"1";"1";"3";"RUE CHARDON LAGACHE";"48,8444610";"2,2661530"
"202000001117";"6";"3";"2020";"20:50";"5";"75";"75115";"2";"3";"1";"3";"AVENUE DE SUFFREN";"48,8505200";"2,3020620"
"202000001118";"6";"3";"2020";"20:15";"5";"75";"75115";"2";"2";"1";"2";"RUE LOUIS ARMAND";"48,8334690";"2,2762020"
"202000001119";"6";"3";"2020";"14:20";"1";"75";"75115";"2";"2";"1";"6";"RUE DE LA CONVENTION";"48,8372340";"2,2964320"
"202000001120";"6";"3";"2020";"12:50";"1";"75";"75113";"2";"3";"1";"6";"RUE DU JAVELOT";"48,8268110";"2,3650450"
"202000001121";"6";"3";"2020";"12:58";"1";"75";"75112";"2";"1";"8";"6";"QUAI DE LA RAPEE";"48,8440140";"2,3693300"
"202000001122";"5";"3";"2020";"19:00";"5";"75";"75112";"2";"7";"3";"2";"PLACE FELIX EBOUE";"48,8393640";"2,3958010"
"202000001123";"6";"3";"2020";"12:00";"1";"75";"75110";"2";"3";"1";"6";"RUE DU FAUBOURG DU TEMPLE";"48,8710320";"2,3741250"
"202000001124";"6";"3";"2020";"09:00";"1";"75";"75110";"2";"3";"1";" -1";"RUE DES PETITES ECURIES";"48,8733964";"2,3526469"
"202000001125";"6";"3";"2020";"02:45";"5";"75";"75109";"2";"3";"1";" -1";"AVENUE TRUDAINE";"48,8807230";"2,3402564"
"202000001126";"6";"3";"2020";"02:15";"5";"75";"75110";"2";"2";"2";" -1";"BOULEVARD DE STRASBOURG";"48,8733370";"2,3565290"
"202000001127";"6";"3";"2020";"02:00";"5";"75";"75107";"2";"3";"2";"2";"QUAI D ORSAY";"48,8623310";"2,3074920"
"202000001128";"5";"3";"2020";"16:00";"1";"75";"75115";"2";"3";"2";"3";"AVENUE DE SUFFREN";"48,8539050";"2,2966320"
"202000001129";"5";"3";"2020";"20:15";"5";"75";"75104";"2";"3";"2";"6";"BOULEVARD HENRI IV";"48,8515390";"2,3636900"
"202000001130";"6";"3";"2020";"12:25";"1";"75";"75104";"2";"2";"1";"7";"RUE DES DEUX PONTS";"48,8518436";"2,3565483"
"202000001131";"5";"3";"2020";"09:25";"1";"94";"94081";"2";"1";"2";"6";"HENRI BARBUSSE (AV)";"48,7926700";"2,3892400"
"202000001132";"26";"2";"2020";"14:40";"1";"94";"94081";"2";"1";"1";"6";"CAMILLE GROULT (R)";"48,7891270";"2,4008160"
"202000001133";"6";"3";"2020";"16:05";"1";"94";"94067";"2";"1";"1";"6";"GENERAL DE GAULLE (AV DU)";"48,8372231";"2,4171431"
"202000001134";"6";"3";"2020";"20:55";"5";"94";"94074";"2";"2";"1";"6";"RU DE GIRONDE (AV DU)";"48,7420000";"2,4663000"
"202000001135";"3";"3";"2020";"11:35";"1";"94";"94058";"2";"1";"1";"5";"ALSACE LORRAINE (BD D)";"48,8500000";"2,5000000"
"202000001136";"6";"3";"2020";"07:00";"1";"94";"94003";"2";"1";"8";"4";"ARISTIDE BRIAND (AV)";"48,8054100";"2,3255000"
"202000001137";"6";"3";"2020";"12:00";"1";"94";"94028";"2";"1";"1";"3";"SEBASTIEN(VILLA)";"48,7891700";"2,4653600"
"202000001138";"6";"3";"2020";"08:00";"1";"94";"94028";"2";"1";"8";"2";"POINCARE.(RUE RAYMOND)";"48,7831500";"2,4434700"
"202000001139";"6";"3";"2020";"10:40";"1";"93";"93070";"2";"1";"1";"3";"DOCTEUR BAUER(RUE DU) :N°  75 AU 129";"48,9081806";"2,3404661"
"202000001140";"6";"3";"2020";"17:50";"1";"93";"93066";"2";"1";"1";"3";"FORT DE LA BRICHE";"48,9453685";"2,3427319"
"202000001141";"6";"3";"2020";"20:10";"5";"93";"93077";"2";"1";"1";"6";"R DE NEUILLY";"48,8776400";"2,5219200"
"202000001142";"6";"3";"2020";"17:25";"1";"93";"93055";"2";"2";"1";"6";"JEAN JAURES (AVENUE) (2/74)";"48,9035600";"2,3921200"
"202000001143";"6";"3";"2020";"10:15";"1";"93";"93050";"2";"1";"1";"3";"MARECHAL FOCH (AVENUE) COTE IMPAIR";"48,8552293";"2,5249887"
"202000001144";"5";"3";"2020";"07:50";"2";"93";"93079";"2";"1";"2";"6";"ROGER SALENGRO";"48,9628503";"2,3441062"
"202000001145";"3";"3";"2020";"15:40";"1";"93";"93031";"2";"9";"1";"5";"Route de Saint-Leu";"48,9487785";"2,3428120"
"202000001146";"6";"3";"2020";"08:25";"1";"93";"93029";"2";"1";"1";"6";"R ARMAND CARREL";"48,9229500";"2,4217100"
"202000001147";"6";"3";"2020";"19:00";"5";"93";"93014";"2";"1";"8";"6";"GAGNY (ALLEE DE)";"48,9059470";"2,5490443"
"202000001148";"6";"3";"2020";"20:30";"5";"93";"93010";"2";"1";"1";"6";"VAILLANT (RUE EDOUARD) 24 A 96";"48,8955927";"2,4880001"
"202000001149";"6";"3";"2020";"16:30";"1";"92";"92073";"2";"1";"1";"6";"VERDUN (RUE DE)";"48,8754850";"2,2315711"
"202000001150";"6";"3";"2020";"08:50";"1";"92";"92073";"2";"1";"1";"6";"REGNAULT (RUE HENRI)";"48,8609800";"2,2191400"
"202000001151";"6";"3";"2020";"00:05";"5";"92";"92063";"2";"2";"2";"3";"HUGO (AVENUE VICTOR)";"48,8868100";"2,1744300"
"202000001152";"5";"3";"2020";"15:00";"1";"92";"92040";"2";"1";"2";"7";"PONT D ISSY";"48,8303010";"2,2594170"
"202000001153";"5";"3";"2020";"13:40";"1";"92";"92040";"2";"9";"1";" -1";"RODIN (BOULEVARD)";"48,8186500";"2,2577700"
"202000001154";"6";"3";"2020";"07:40";"2";"92";"92036";"2";"3";"1";" -1";"LOUIS ROCHE (AVENUE) (1/45)";"48,9224800";"2,3230220"
"202000001155";"6";"3";"2020";"10:05";"1";"92";"92012";"2";"1";"8";"6";"THIERS (RUE) 1/65";"48,8374150";"2,2480650"
"202000001156";"5";"3";"2020";"23:30";"5";"92";"92009";"2";"9";"6";"2";"CHARLES-DE-GAULLE ( AVENUE )";"48,9194062";"2,2763777"
"202000001157";"5";"3";"2020";"17:00";"1";"92";"92004";"2";"1";"3";"2";"VOLTAIRE ( BD 16 A FIN )";"48,9170200";"2,2875600"
"202000001158";"7";"3";"2020";"02:20";"3";"10";"10240";"1";"1";"1";"6";"D660";"48,2771530";"3,9062390"
"202000001159";"6";"3";"2020";"15:35";"1";"44";"44051";"1";"1";"2";"7";"D537";"47,6917540";" -1,6905530"
"202000001160";"6";"3";"2020";"11:52";"1";"56";"56199";"1";"1";"1";"2";"Keranrous RD1";"48,1395160";" -3,6713650"
"202000001161";"3";"3";"2020";"13:30";"1";"74";"74256";"2";"2";"1";"3";"7 Rue Saint Joseph";"45,9372710";"6,6271090"
"202000001162";"6";"3";"2020";"15:20";"1";"65";"65138";"2";"4";"4";"6";"10 Avenue du Mamelon Vert";"42,8883030";" -0,1159950"
"202000001163";"6";"3";"2020";"23:00";"3";"32";"32305";"1";"1";"2";"6";"D152";"43,8227620";" -0,0867530"
"202000001164";"6";"3";"2020";"15:50";"1";"11";"11261";"1";"1";"6";"5";"D6113";"43,1833530";"2,6658900"
"202000001165";"6";"3";"2020";"02:15";"3";"89";"89481";"1";"1";"2";"2";"D200";"47,7825901";"4,0379203"
"202000001166";"7";"3";"2020";"10:30";"1";"63";"63110";"1";"1";"1";"7";"D80 - La Foret";"45,8388321";"2,6807147"
"202000001167";"6";"3";"2020";"22:50";"3";"63";"63040";"1";"1";"2";"1";"D212";"45,7240080";"3,2904050"
"202000001168";"6";"3";"2020";"18:15";"1";"39";"39081";"1";"1";"1";"5";"N/A";"46,8651660";"5,7150230"
"202000001169";"6";"3";"2020";"22:20";"1";"44";"44079";"1";"1";"2";"6";"N/A";"47,2194080";" -1,3072440"
"202000001170";"5";"3";"2020";"19:45";"1";"44";"44127";"1";"3";"2";"3";"ROUTE DE LA ROBERTIERE";"47,0141980";" -1,4402980"
"202000001171";"1";"3";"2020";"23:40";"3";"29";"29130";"2";"1";"3";"6";"Route de Plouzané";"48,3751240";" -4,6432940"
"202000001172";"2";"3";"2020";"23:10";"3";"13";"13036";"1";"1";"1";"2";"Route de Chateaurenard";"43,8447180";"4,8426210"
"202000001173";"6";"3";"2020";"18:20";"2";"15";"15221";"1";"1";"3";"1";"RN 122- Route de Figeac";"44,8808820";"2,3323000"
"202000001174";"7";"3";"2020";"08:30";"1";"06";"06079";"2";"2";"1";" -1";"Avenue de Cannes";"43,5408510";"6,9361360"
"202000001175";"7";"3";"2020";"16:45";"1";"05";"05046";"1";"1";"1";"5";"Route nationale 94";"44,5791730";"6,5113950"
"202000001176";"7";"3";"2020";"17:00";"1";"45";"45224";"1";"1";"1";"6";"D11 - PR  36 + 900";"48,0829890";"2,0540200"
"202000001177";"6";"3";"2020";"13:15";"1";"45";"45053";"1";"3";"8";"3";"D2007 - D50";"47,6081200";"2,7763090"
"202000001178";"2";"3";"2020";"06:30";"5";"64";"64443";"1";"1";"6";"6";"Départementale 2";"43,3576690";" -0,5827690"
"202000001179";"6";"3";"2020";"17:30";"1";"64";"64259";"1";"1";"4";"6";"CD 22";"43,2985650";" -1,2475920"
"202000001180";"29";"2";"2020";"15:00";"1";"43";"43212";"1";"3";"2";"3";"D12";"45,3534010";"3,9780910"
"202000001181";"7";"3";"2020";"03:30";"3";"16";"16106";"1";"1";"1";"6";"Ld Le Petit Negrat";"46,0373503";"0,6712218"
"202000001182";"7";"2";"2020";"16:40";"2";"16";"16016";"2";"3";"1";"3";"Route d'Angoulême";"45,9932130";"0,6433760"
"202000001183";"20";"2";"2020";"15:10";"1";"07";"07304";"2";"1";"1";"7";"Route de Barjac";"44,3945840";"4,3786740"
"202000001184";"7";"3";"2020";"01:15";"3";"27";"27638";"1";"1";"1";"6";"Route de la Saussaye";"49,2629460";"0,9702090"
"202000001185";"6";"3";"2020";"12:50";"1";"27";"27284";"2";"1";"1";"1";"D181";"49,2697650";"1,7861370"
"202000001186";"7";"3";"2020";"07:00";"2";"27";"27630";"2";"1";"1";"6";"Rue du Hery";"49,1524470";"0,7924590"
"202000001187";"7";"3";"2020";"13:30";"1";"28";"28385";"2";"1";"1";"6";"Rue le Blottier";"48,4057310";"1,1307390"
"202000001188";"6";"3";"2020";"18:50";"2";"37";"37167";"2";"2";"1";"1";"D766";"47,5466563";"0,5470538"
"202000001189";"7";"3";"2020";"01:00";"3";"30";"30114";"1";"9";"1";"4";"D6110";"43,8369700";"4,0981920"
"202000001190";"6";"3";"2020";"21:30";"3";"30";"30006";"1";"2";"1";"3";"N113";"43,6945040";"4,1680290"
"202000001191";"6";"3";"2020";"15:45";"1";"30";"30148";"1";"1";"1";"3";"D35";"43,8871120";"4,0045080"
"202000001192";"6";"3";"2020";"10:00";"1";"24";"24194";"2";"9";"1";"3";"Croisement D936 / D4";"44,8370170";"0,3328730"
"202000001193";"6";"3";"2020";"17:35";"1";"31";"31430";"1";"1";"4";"3";"A64";"43,1076880";"0,6106640"
"202000001194";"7";"3";"2020";"18:55";"3";"06";"06085";"1";"1";"1";"1";"Route de Vallauris";"43,6009060";"7,0347150"
"202000001195";"6";"3";"2020";"18:25";"3";"33";"33042";"1";"1";"3";"6";"A 63 PK 043.355";"44,4717600";" -0,8239100"
"202000001196";"14";"2";"2020";"16:50";"1";"86";"86083";"1";"1";"1";"4";"Autoroute A10";"46,5110900";"0,1512980"
"202000001197";"1";"3";"2020";"19:00";"3";"60";"60541";"1";"1";"2";"3";"Autoroute A1";"49,3044470";"2,6857280"
"202000001198";"23";"2";"2020";"08:00";"2";"78";"78564";"1";"1";"1";"2";"A10";"48,5211080";"1,9081140"
"202000001199";"7";"3";"2020";"09:30";"1";"988";"98822";"1";"1";"1";"1";"Tribu d'INA/POINDIMIE";" -20,9372600";"165,3538700"
"202000001200";"7";"3";"2020";"06:45";"1";"988";"98831";"1";"1";"1";"7";"ROUTE DE BOYEN";" -20,8393110";"164,6128540"
"202000001201";"6";"3";"2020";"23:15";"5";"77";"77382";"2";"1";"1";"7";"232 Avenue du Marechal Foch - D436";"48,9042050";"2,8799150"
"202000001202";"6";"3";"2020";"18:45";"2";"34";"34162";"1";"1";"1";"1";"D613";"43,4786310";"3,4621740"
"202000001203";"6";"3";"2020";"23:30";"5";"84";"84129";"2";"9";"1";"1";"D907";"44,0099920";"4,8690600"
"202000001204";"7";"3";"2020";"12:50";"1";"83";"83076";"1";"1";"1";"1";"RD 95 PR 5+950";"43,3538770";"5,9134340"
"202000001205";"6";"3";"2020";"17:55";"2";"25";"25047";"2";"1";"8";"6";"9 Avenue du General Leclerc";"47,3518460";"6,3564760"
"202000001206";"7";"3";"2020";"05:55";"5";"71";"71176";"2";"2";"1";"6";"Avenue du General de Gaulle";"46,4831519";"3,9855122"
"202000001207";"6";"3";"2020";"12:30";"1";"21";"21390";"1";"1";"1";"6";"54 Route de Beaune";"47,2837830";"4,9785180"
"202000001208";"7";"3";"2020";"05:30";"3";"03";"03076";"1";"1";"8";"6";"N/A";"46,5809843";"3,4437249"
"202000001209";"7";"3";"2020";"12:55";"1";"74";"74262";"1";"1";"1";"5";"D903";"46,1313150";"6,3127610"
"202000001210";"5";"3";"2020";"21:20";"3";"38";"38545";"2";"1";"2";"1";"Rue Gustave Guerre";"45,0457600";"5,6624200"
"202000001211";"8";"2";"2020";"13:21";"1";"26";"26362";"2";"3";"1";"1";"30 Chemin du Chantre";"44,9547900";"4,9261170"
"202000001212";"7";"3";"2020";"15:30";"1";"69";"69094";"2";"6";"1";"2";"5 Avenue Benoit Launay";"45,7411380";"4,6909890"
"202000001213";"6";"3";"2020";"18:20";"1";"69";"69288";"2";"1";"2";"3";"10 Avenue Jean Moulin";"45,6905710";"5,0376340"
"202000001214";"6";"3";"2020";"09:45";"1";"61";"61433";"1";"1";"1";"7";"D26";"48,5342550";"0,0571200"
"202000001215";"7";"3";"2020";"02:00";"3";"50";"50564";"1";"1";"8";"6";"39 Rue du Mesnil";"49,2616960";" -1,2766300"
"202000001216";"6";"3";"2020";"16:00";"1";"14";"14762";"2";"3";"1";"3";"La Papillonniere";"48,8696480";" -0,8687350"
"202000001217";"6";"3";"2020";"17:40";"1";"27";"27016";"2";"9";"1";"2";"19 Côte d'Etrepagny";"49,2506080";"1,4363290"
"202000001218";"6";"3";"2020";"21:15";"3";"80";"80039";"1";"2";"1";"2";"CD940";"50,0878740";"1,4519330"
"202000001219";"6";"3";"2020";"08:10";"1";"13";"13055";"1";"1";"1";"6";"A507 sens Marseille - Aubagne";"43,3097000";"5,4218600"
"202000001220";"5";"3";"2020";"20:50";"3";"13";"13071";"1";"1";"8";"2";"A7-Sens Marseille vers Lyon";"43,4035800";"5,3082400"
"202000001221";"5";"3";"2020";"14:45";"1";"57";"57683";"1";"1";"3";"6";"Autoroute A30";"49,2969800";"6,1542500"
"202000001222";"6";"3";"2020";"16:10";"1";"33";"33096";"1";"1";"3";"2";"AUTOROUTE A 10";"44,8949600";" -0,4978600"
"202000001223";"6";"3";"2020";"10:20";"1";"33";"33096";"1";"1";"4";"2";"AUTOROUTE A10";"44,8989500";" -0,4950200"
"202000001224";"3";"3";"2020";"08:50";"1";"59";"59350";"1";"1";"1";"4";"AUTOROUTE A25";"50,6169600";"3,0420250"
"202000001225";"6";"3";"2020";"20:00";"3";"91";"91161";"1";"1";"1";"2";"AUTOROUTE A6";"48,6967128";"2,3160094"
"202000001226";"6";"3";"2020";"07:13";"2";"91";"91064";"1";"1";"1";"7";"RN 118";"48,7502000";"2,2051500"
"202000001227";"6";"3";"2020";"00:40";"3";"91";"91645";"1";"1";"2";"6";"RN 385 Extèrieure";"48,7599300";"2,2676900"
"202000001228";"26";"2";"2020";"09:15";"1";"91";"91339";"1";"1";"1";"4";"RN 104";"48,6254500";"2,2625300"
"202000001229";"6";"3";"2020";"09:35";"1";"92";"92063";"1";"1";"1";" -1";"A86";"48,8900024";"2,1701674"
"202000001230";"6";"3";"2020";"08:50";"1";"92";"92050";"2";"1";"1";"2";"A14";"48,9001056";"2,2093889"
"202000001231";"6";"3";"2020";"00:55";"3";"92";"92064";"1";"1";"2";"2";"A13";"48,8466526";"2,2236981"
"202000001232";"5";"3";"2020";"19:10";"5";"78";"78640";"1";"1";"2";"3";"N118";"48,7844000";"2,2230040"
"202000001233";"5";"3";"2020";"08:30";"1";"78";"78402";"1";"1";"2";"2";"A13";"48,9651060";"1,8031390"
"202000001234";"6";"3";"2020";"16:00";"1";"95";"95277";"1";"1";"1";"2";"AUTOROUTE A1";"48,9795100";"2,4968200"
"202000001235";"6";"3";"2020";"08:00";"1";"93";"93007";"1";"1";"1";"5";"AUTOROUTE A3";"48,9180700";"2,4783900"
"202000001236";"5";"3";"2020";"16:00";"1";"95";"95306";"1";"1";"3";"2";"AUTOROUTE A15";"48,9972300";"2,1791500"
"202000001237";"5";"3";"2020";"16:30";"1";"95";"95277";"1";"1";"2";"5";" A104";"48,9728100";"2,4850500"
"202000001238";"5";"3";"2020";"17:00";"1";"92";"92036";"1";"1";"2";"6";"AUTOROUTE A15";"48,9436300";"2,2877300"
"202000001239";"5";"3";"2020";"14:15";"1";"95";"95678";"1";"1";"2";"6";"RN 104";"49,0724700";"2,2426700"
"202000001240";"4";"3";"2020";"21:00";"3";"95";"95277";"1";"1";"2";"6";"AUTOROUTE A104";"48,9731500";"2,4853200"
"202000001241";"5";"3";"2020";"07:40";"1";"93";"93066";"1";"1";"2";"3";"AUTOROUTE A1";"48,9334600";"2,3778000"
"202000001242";"4";"3";"2020";"18:25";"2";"92";"92036";"1";"1";"2";"3";"AUTOROUTE A15";"48,9466100";"2,2826300"
"202000001243";"25";"2";"2020";"12:30";"1";"93";"93006";"1";"1";"1";"7";"AUTOROUTE A3";"48,8669000";"2,4253000"
"202000001244";"24";"2";"2020";"10:45";"1";"93";"93010";"1";"1";"1";"2";"AUTOROUTE A3";"48,8889300";"2,4737700"
"202000001245";"6";"3";"2020";"14:10";"1";"77";"77468";"1";"1";"1";"3";"A4.W";"48,8325152";"2,6592986"
"202000001246";"4";"1";"2020";"18:25";"5";"76";"76351";"2";"2";"1";"6";"FELIX FAURE";"49,4993500";"0,0985700"
"202000001247";"1";"1";"2020";"03:30";"5";"77";"77438";"1";"1";"5";"6";"A104";"48,8636285";"2,6686896"
"202000001248";"6";"3";"2020";"07:03";"2";"988";"98818";"2";"3";"7";"6";"RUE AUGUSTE BENEBIG/RUE FELIX BROCHE";" -22,2690000";"166,4607000"
"202000001249";"5";"3";"2020";"13:50";"1";"988";"98818";"2";"6";"1";"2";"VE1/RUE BERTHELOT";" -22,2604000";"166,4446500"
"202000001250";"5";"3";"2020";"23:30";"5";"69";"69383";"2";"7";"1";"3";"ARSONVAL (D')                       (PL)";"45,7432242";"4,8791555"
"202000001251";"5";"3";"2020";"15:20";"1";"69";"69383";"2";"2";"2";"3";"ANDRE PHILIP                        (R )";"45,7544800";"4,8518200"
"202000001252";"19";"2";"2020";"14:50";"1";"69";"69387";"2";"1";"1";"6";"JEAN JAURES                         (AV)";"45,7504717";"4,8450170"
"202000001253";"5";"3";"2020";"05:10";"5";"69";"69383";"2";"2";"2";" -1";"RICHARD VITTON                      (CO)";"45,7538800";"4,8875300"
"202000001254";"26";"2";"2020";"13:00";"1";"69";"69259";"2";"2";"1";"3";"PROFESSEUR ROUX (DU)                (R )";"45,7182100";"4,8593800"
"202000001255";"5";"3";"2020";"13:55";"1";"91";"91286";"2";"1";"3";"1";"PLESSIS (CHEMIN DU)";"48,6508900";"2,3870000"
"202000001256";"5";"3";"2020";"20:20";"5";"91";"91114";"2";"9";"3";"2";"ROUTE NATIONALE 6";"48,6821600";"2,4916600"
"202000001257";"15";"2";"2020";"18:45";"2";"89";"89127";"1";"1";"1";"5";"RD58";"48,2360800";"3,2517400"
"202000001258";"5";"3";"2020";"21:00";"5";"83";"83137";"2";"3";"8";"3";"JUIN (AVE ALPHONSE)";"43,1209100";"5,9442200"
"202000001259";"4";"3";"2020";"21:00";"5";"80";"80021";"2";"2";"2";"3";"CAGNARD (RUE)";"49,9034500";"2,2870300"
"202000001260";"4";"3";"2020";"10:30";"1";"80";"80021";"2";"1";"1";"3";"ABBEVILLE (RUE D')";"49,9068200";"2,2678600"
"202000001261";"4";"3";"2020";"21:00";"5";"76";"76212";"2";"1";"3";"6";"LONGPAON. RUE DE";"49,4423900";"1,1467300"
"202000001262";"21";"5";"2020";"19:50";"1";"80";"80338";"2";"1";"1";"2";"D1";"49,8990750";"2,4964340"
"202000001263";"21";"5";"2020";"20:25";"2";"33";"33011";"2";"1";"1";"6";"RD3E19 _ 31 Boulevard de l'Aérium";"44,7618260";" -1,1325900"
"202000001264";"21";"5";"2020";"14:46";"1";"11";"11055";"1";"3";"1";"6";"D14";"42,8961080";"2,3123270"
"202000001265";"21";"5";"2020";"14:40";"1";"11";"11021";"1";"1";"1";"7";"départementale 117";"42,8104630";"2,2595510"
"202000001266";"21";"5";"2020";"17:19";"1";"71";"71065";"2";"4";"1";"3";"Route des 3 Monts";"46,4291666";"4,5413922"
"202000001267";"21";"5";"2020";"22:20";"3";"49";"49368";"1";"3";"1";"6";"Route des 3 Boudins";"47,3852860";"0,0154440"
"202000001268";"13";"5";"2020";"21:45";"3";"46";"46096";"1";"1";"1";"6";"D48";"44,7669220";"1,9319200"
"202000001269";"21";"5";"2020";"19:50";"1";"34";"34150";"1";"1";"1";"3";"Marseillan";"43,3281120";"3,5574460"
"202000001270";"19";"5";"2020";"07:10";"1";"68";"68042";"2";"1";"1";"3";"Rue Jean Moulin";"47,6051410";"7,4941270"
"202000001271";"20";"5";"2020";"12:00";"1";"68";"68168";"1";"1";"1";"7";"D21";"47,5687370";"7,4142270"
"202000001272";"21";"5";"2020";"18:00";"1";"44";"44061";"1";"2";"7";"3";"D723";"47,2276520";" -1,9308690"
"202000001273";"20";"5";"2020";"19:00";"1";"44";"44056";"1";"1";"1";"3";"D16";"47,4172107";" -1,8089725"
"202000001274";"22";"5";"2020";"17:30";"1";"65";"65398";"2";"1";"1";"6";"Chemin de Sages";"42,9589600";"0,6328550"
"202000001275";"21";"5";"2020";"18:00";"1";"31";"31424";"2";"2";"1";"3";"Rue de Taure";"43,5792950";"1,2853250"
"202000001276";"20";"5";"2020";"20:15";"2";"31";"31090";"1";"1";"7";"1";"Lieu Dit la Trompette";"43,7645687";"1,0021064"
"202000001277";"19";"5";"2020";"15:15";"1";"70";"70343";"2";"1";"1";"7";"Rue du Pont";"47,7807650";"6,1342820"
"202000001278";"22";"5";"2020";"11:45";"1";"06";"06079";"1";"1";"1";"3";"D6207";"43,5571830";"6,9529890"
"202000001279";"21";"5";"2020";"16:09";"1";"14";"14456";"1";"9";"1";"3";"D613";"49,1221820";" -0,1300460"
"202000001280";"22";"5";"2020";"11:30";"1";"05";"05004";"1";"1";"1";"7";"Route de Saint-Leger (Pont)";"44,6317760";"6,2054780"
"202000001281";"22";"5";"2020";"01:50";"3";"50";"50450";"1";"1";"1";"1";"Le Pas";"48,6884170";" -0,9598900"
"202000001282";"21";"5";"2020";"12:30";"1";"50";"50582";"1";"1";"1";"6";"Mont Huan";"48,6967390";" -0,8581080"
"202000001283";"21";"5";"2020";"18:30";"1";"04";"04208";"1";"1";"1";"7";"RD 30";"43,9953460";"5,5281400"
"202000001284";"22";"5";"2020";"10:00";"1";"85";"85127";"1";"1";"1";"7";"Longeville-sur-Mer";"46,4342400";" -1,5044900"
"202000001285";"21";"5";"2020";"19:15";"1";"87";"87154";"1";"2";"7";"3";"Perissat les Essarts";"45,9129480";"0,8998810"
"202000001286";"22";"5";"2020";"10:50";"1";"37";"37132";"1";"1";"1";"1";"D21";"47,1347940";"0,9752228"
"202000001287";"22";"5";"2020";"11:00";"1";"30";"30094";"1";"1";"1";"1";"D907";"44,0736500";"3,9654420"
"202000001288";"17";"5";"2020";"08:05";"1";"30";"30197";"1";"1";"1";"7";"Route de Bagnols";"44,1400100";"4,2000700"
"202000001289";"21";"5";"2020";"17:20";"1";"08";"08463";"2";"1";"1";"3";"25 Grande Rue";"49,4830880";"4,9931470"
"202000001290";"19";"5";"2020";"17:00";"1";"974";"97415";"1";"1";"1";"2";"N1";" -21,0209900";"55,2338670"
"202000001291";"22";"5";"2020";"12:00";"1";"91";"91338";"1";"9";"7";"3";"D988";"48,6377250";"2,0618450"
"202000001292";"21";"5";"2020";"19:30";"1";"78";"78564";"1";"1";"1";"7";"D116";"48,5192760";"1,9449020"
"202000001293";"22";"5";"2020";"13:35";"1";"13";"13007";"2";"1";"1";"3";"D560";"43,3675440";"5,6455990"
"202000001294";"22";"5";"2020";"04:35";"5";"42";"42094";"2";"2";"1";"6";"Rue René Cassin";"45,7443551";"4,2309685"
"202000001295";"17";"5";"2020";"17:00";"1";"26";"26163";"1";"1";"1";"6";"Route Léoncel ";"44,8888520";"5,1350570"
"202000001296";"21";"5";"2020";"17:19";"1";"69";"69270";"1";"1";"1";"3";"Rue Louise Labbe";"45,6464970";"4,9275930"
"202000001297";"22";"5";"2020";"16:45";"1";"81";"81105";"2";"1";"1";"2";"13 Avenue Rhin et Danube";"43,7606840";"1,9729900"
"202000001298";"21";"5";"2020";"18:55";"1";"64";"64510";"2";"3";"1";"1";"22 Chemin de Bibé";"43,5407250";" -0,6832340"
"202000001299";"21";"5";"2020";"17:15";"1";"85";"85300";"1";"1";"1";"6";" Route de Beaulieu";"46,6898800";" -1,5715600"
"202000001300";"20";"5";"2020";"10:10";"1";"56";"56176";"1";"1";"1";"7";"24 Rue de Santenoz";"47,6805660";" -2,9353780"
"202000001301";"22";"5";"2020";"11:15";"1";"60";"60628";"2";"4";"1";"6";"3 Rue Aime Besnard";"49,4242810";"2,1324050"
"202000001302";"20";"5";"2020";"21:10";"5";"13";"13202";"1";"1";"1";"2";"A55-Sens Martigues vers Marseille";"43,3071287";"5,3659258"
"202000001303";"19";"5";"2020";"17:44";"1";"69";"69283";"1";"1";"1";"5";"A46S   43.680 A 47.880";"45,6721000";"4,9412000"
"202000001304";"20";"5";"2020";"22:30";"4";"91";"91161";"1";"1";"1";"2";"AUTOROUTE A6";"48,7063800";"2,3061800"
"202000001305";"21";"5";"2020";"10:00";"1";"78";"78545";"1";"1";"1";"7";"A12 Y";"48,8090040";"2,0543550"
"202000001306";"21";"5";"2020";"15:48";"1";"94";"94073";"1";"1";"1";"6";"A86 EXT";"48,7571095";"2,3838957"
"202000001307";"24";"2";"2020";"09:33";"1";"72";"72181";"2";"3";"8";"3";"COEFFORT (RUE) N° IMP";"47,9946700";"0,2005600"
"202000001308";"11";"3";"2020";"07:45";"1";"61";"61001";"2";"2";"1";"3";"STRASBOURG (BOULEVARD DE)";"48,4353050";"0,0915830"
"202000001309";"20";"5";"2020";"22:40";"5";"974";"97409";"2";"1";"2";"6";"Rue de Cambuston";" -20,9324100";"55,6462100"