"Num_Acc";"jour";"mois";"an";"hrmn";"lum";"dep";"com";"agg";"int";"atm";"col";"adr";"lat";"long"
"202000001310";"17";"5";"2020";"12:05";"1";"974";"97409";"2";"1";"1";"1";"Ravine creuse (chemin)";" -20,9679400";"55,6664600"
"202000001311";"20";"5";"2020";"19:20";"5";"974";"97407";"2";"1";"1";"7";"VERGES(AVENUE)";" -20,9397900";"55,3041900"
"202000001312";"20";"5";"2020";"18:15";"3";"974";"97407";"1";"6";"1";"3";"SACRE COEUR (RD POINT) -RIV. DES GALETS ";" -20,9560000";"55,3112000"
"202000001313";"20";"5";"2020";"17:59";"1";"69";"69386";"2";"9";"1";"2";"CHARLES DE GAULLE                   (QU)";"45,7781855";"4,8445338"
"202000001314";"20";"5";"2020";"11:20";"1";"69";"69386";"2";"1";"1";"7";"VENDOME                             (R )";"45,7690510";"4,8449723"
"202000001315";"20";"5";"2020";"08:15";"1";"69";"69388";"2";"2";"1";" -1";"MARIUS BERLIET                      (R )";"45,7390400";"4,8665700"
"202000001316";"20";"5";"2020";"14:56";"1";"972";"97213";"1";"1";"1";"4";"ROUTE NATIONALE 1";"14,6253990";" -60,9793220"
"202000001317";"20";"5";"2020";"14:55";"1";"972";"97209";"2";"1";"2";"1";"TIVOLI (ROUTE DE )";"14,6413000";" -61,0716800"
"202000001318";"20";"5";"2020";"18:45";"1";"69";"69386";"2";"2";"1";"1";"DUQUESNE                            (R )";"45,7725100";"4,8430400"
"202000001319";"20";"5";"2020";"15:00";"1";"69";"69389";"2";"1";"1";"4";"MARIETTON                           (R )";"45,7749300";"4,8079800"
"202000001320";"20";"5";"2020";"13:05";"1";"69";"69389";"2";"2";"1";"6";"PIERRE BAIZET                       (R )";"45,7880000";"4,8089000"
"202000001321";"20";"5";"2020";"12:30";"1";"69";"69142";"2";"3";"1";"3";"PIERRE SEMARD                       (QU)";"45,7246434";"4,8170441"
"202000001322";"19";"5";"2020";"10:20";"1";"91";"91471";"2";"6";"1";"6";"GUY MOQUET (RUE)";"48,7006100";"2,1939300"
"202000001323";"20";"5";"2020";"07:15";"1";"91";"91691";"2";"3";"1";"3";"GENERAL LECLER(RUE)";"48,7126900";"2,4672600"
"202000001324";"19";"5";"2020";"09:00";"1";"91";"91457";"2";"3";"1";"3";"ALLENDE SALVADOR (AVENUE)";"48,5911700";"2,2579600"
"202000001325";"18";"5";"2020";"08:30";"1";"91";"91425";"2";"1";"1";"3";"ORLEANS (ROUTE D')";"48,6445400";"2,2700500"
"202000001326";"20";"5";"2020";"14:15";"1";"90";"90010";"2";"1";"1";"6";"CLEMENCEAU (BOULEVARD)";"47,6409800";"6,8591300"
"202000001327";"18";"5";"2020";"15:15";"1";"89";"89387";"2";"2";"1";"3";"ARISTIDE BRIAND (BOULEVARD)";"48,2049711";"3,2849317"
"202000001328";"14";"5";"2020";"07:10";"1";"89";"89387";"2";"1";"1";"1";"BD DES NOYERS POMPONS ";"48,2047400";"3,3202000"
"202000001329";"19";"5";"2020";"18:55";"1";"88";"88209";"2";"2";"1";"4";"DOMEVRE (RUE DE)";"48,1944000";"6,4194000"
"202000001330";"20";"5";"2020";"11:20";"1";"87";"87085";"2";"1";"1";"3";"CARNOT (BOULEVARD)";"45,8321400";"1,2613800"
"202000001331";"12";"5";"2020";"11:40";"1";"83";"83129";"2";"3";"1";"6";"ECOLES (BD DES)";"43,1143900";"5,8113200"
"202000001332";"19";"5";"2020";"12:30";"1";"82";"82121";"2";"2";"1";"3";"IRLANDE (RUE D')";"43,9866700";"1,3337800"
"202000001333";"18";"5";"2020";"16:45";"1";"82";"82121";"1";"3";"1";"3";"MOLIERES (ROUTE DE)";"44,0629169";"1,3612328"
"202000001334";"19";"5";"2020";"21:20";"1";"80";"80021";"2";"1";"1";"6";"PROVINCIALES (RUE LES)";"49,8758000";"2,3192900"
"202000001335";"19";"5";"2020";"14:25";"1";"80";"80021";"2";"1";"1";" -1";"ALEXANDRE DUMAS (RUE)";"49,8734200";"2,2904500"
"202000001336";"19";"5";"2020";"12:45";"1";"80";"80021";"2";"1";"1";"6";"FAUBOURG DE HEM (RUE DU)";"49,9033800";"2,2748300"
"202000001337";"20";"5";"2020";"20:30";"1";"77";"77373";"2";"1";"1";"7";"PARIS (RUE DE- RN 4 )";"48,7749430";"2,6063780"
"202000001338";"19";"5";"2020";"03:50";"1";"77";"77258";"2";"2";"1";"3";"GEORGES GERSHWIN (COURS)";"48,8363250";"2,6453270"
"202000001339";"19";"5";"2020";"15:35";"1";"76";"76540";"2";"1";"7";"6";"CAVELIER DE LA SALLE. QUAI (HAUT)";"49,4380700";"1,0831600"
"202000001340";"16";"5";"2020";"18:30";"1";"76";"76681";"2";"2";"1";"6";"SALVA. RUE LEON";"49,4140200";"1,0842100"
"202000001341";"19";"5";"2020";"17:25";"1";"71";"71306";"2";"2";"1";"3";"Rue de Charolles";"46,6594159";"4,3591556"
"202000001342";"19";"5";"2020";"18:10";"1";"71";"71153";"2";"1";"7";"1";"Route de Saint-Sernin";"46,8144912";"4,4295985"
"202000001343";"19";"5";"2020";"15:55";"1";"71";"71540";"2";"9";"1";"1";"C152";"46,7882147";"4,4460672"
"202000001344";"20";"5";"2020";"11:40";"1";"69";"69266";"2";"1";"1";"6";"JULES GRANDCLEMENT    (Place)";"45,7590900";"4,8889900"
"202000001345";"19";"5";"2020";"23:45";"4";"69";"69271";"1";"1";"1";"1";"LYON (DE)                               ";"45,7417200";"4,9452500"
"202000001346";"18";"5";"2020";"20:44";"1";"69";"69115";"2";"1";"1";"6";"CHABERT (chemin du)";"45,9766477";"4,7030255"
"202000001347";"20";"5";"2020";"19:17";"1";"68";"68224";"2";"1";"1";"3";"CASTORS (RUE DES)";"47,7397200";"7,2947900"
"202000001348";"19";"5";"2020";"17:00";"1";"67";"67482";"2";"1";"1";"2";"BEULENWOERTH (CHEMIN DU)";"48,5975038";"7,7907637"
"202000001349";"19";"5";"2020";"13:55";"1";"67";"67482";"2";"3";"1";"3";"MITTELHAUSBERGEN (ROUTE DE)";"48,6023720";"7,7084710"
"202000001350";"19";"5";"2020";"20:20";"1";"66";"66136";"2";"1";"1";"3";"VARIETES";"42,7028700";"2,8933700"
"202000001351";"20";"5";"2020";"13:08";"1";"64";"64102";"2";"6";"1";"3";"AMADE  (ROND POINT)";"43,5018900";" -1,4787900"
"202000001352";"20";"5";"2020";"12:58";"1";"64";"64024";"2";"1";"1";"7";"ADOUR (AVENUE DE L')";"43,5167600";" -1,5012300"
"202000001353";"19";"5";"2020";"07:20";"1";"63";"63113";"2";"2";"1";"5";"CLEMENTEL (BD ETIENNE)";"45,8096595";"3,1094325"
"202000001354";"7";"5";"2020";"10:40";"1";"62";"62160";"2";"6";"1";"3";"DAUNOU (Bld)";"50,7182042";"1,6120237"
"202000001355";"20";"5";"2020";"17:38";"1";"61";"61397";"2";"6";"1";"3";"LA BELLE CHARPENTE (RUE DE)";"48,4215800";"0,0797800"
"202000001356";"20";"5";"2020";"12:40";"1";"59";"59350";"2";"5";"1";"3";"PAINLEVE PAUL BOULEVARD";"50,6240540";"3,0805970"
"202000001357";"17";"5";"2020";"18:00";"1";"59";"59378";"2";"9";"1";"3";"MARNE AVENUE DE LA";"50,6795560";"3,1144026"
"202000001358";"19";"5";"2020";"19:30";"1";"54";"54395";"2";"3";"1";"3";"FONTENOY (RUE DE)";"48,7058300";"6,1734000"
"202000001359";"20";"5";"2020";"13:55";"1";"50";"50502";"1";"1";"1";"1";"MONTS (lieu dit Les)";"49,1319960";" -1,0671820"
"202000001360";"18";"5";"2020";"14:20";"1";"50";"50502";"2";"2";"7";"1";"EXODE";"49,1111000";" -1,0901000"
"202000001361";"20";"5";"2020";"09:40";"1";"50";"50218";"2";"1";"7";"3";"MATIGNON (AV DES)";"48,8379400";" -1,5755000"
"202000001362";"19";"5";"2020";"15:10";"1";"49";"49328";"2";"1";"1";"3";"ANGERS (ROUTE D') D 952";"47,2700700";" -0,0750900"
"202000001363";"20";"5";"2020";"09:33";"1";"45";"45147";"2";"3";"1";"3";"Rue de Verdun - R J Guesde";"47,9344500";"1,9054700"
"202000001364";"20";"5";"2020";"17:00";"1";"44";"44109";"2";"1";"1";"3";"Route de Sainte Luce";"47,2409200";" -1,5107800"
"202000001365";"20";"5";"2020";"01:55";"5";"38";"38185";"2";"1";"1";"1";"Rue Albert Reynier";"45,1646000";"5,7104000"
"202000001366";"20";"5";"2020";"19:10";"1";"37";"37233";"2";"1";"1";"6";"FARGES (AVENUE YVES)";"47,3861517";"0,7529175"
"202000001367";"20";"5";"2020";"17:45";"1";"37";"37122";"2";"1";"1";"1";"GITONNIERE (RUE DE LA)";"47,3378294";"0,6588950"
"202000001368";"20";"5";"2020";"13:45";"1";"37";"37261";"2";"1";"1";"2";"FOLLEREAU (RUE RAOUL)";"47,4251203";"0,7015685"
"202000001369";"20";"5";"2020";"07:30";"1";"37";"37233";"2";"1";"1";" -1";"DUCLOS (AVENUE JACQUES)";"47,3789438";"0,7210638"
"202000001370";"19";"5";"2020";"12:22";"1";"37";"37214";"2";"1";"1";"2";"DE GAULLE (BD CHARLES)";"47,4281781";"0,6516978"
"202000001371";"19";"5";"2020";"15:15";"1";"37";"37122";"2";"9";"1";" -1";"REPUBLIQUE (AVENUE DE LA)";"47,3541880";"0,6639628"
"202000001372";"19";"5";"2020";"16:25";"1";"37";"37261";"2";"9";"1";"6";"BERT (QUAI PAUL)";"47,4025831";"0,7114184"
"202000001373";"20";"5";"2020";"11:55";"1";"35";"35238";"2";"3";"1";"3";"MARBAUDAIS (DE LA)";"48,1265900";" -1,6627700"
"202000001374";"16";"5";"2020";"21:45";"5";"35";"35238";"2";"1";"1";"6";"FREVILLE (AVENUE HENRI)";"48,0910600";" -1,6748800"
"202000001375";"20";"5";"2020";"14:00";"1";"34";"34172";"2";"1";"1";"1";"GOSSEC (RUE FRANCOIS-JOSEPH)";"43,5750890";"3,8587030"
"202000001376";"20";"5";"2020";"18:45";"1";"33";"33192";"2";"1";"1";"6";"RUE DU BRANDIER";"44,7827000";" -0,5984000"
"202000001377";"20";"5";"2020";"17:00";"1";"33";"33013";"2";"1";"1";"3";"121 AVE DE L'EGLISE ROMANE";"44,8566600";" -0,4910900"
"202000001378";"20";"5";"2020";"10:20";"1";"33";"33318";"2";"2";"1";"1";"AVE DU DOCTEUR NANCEL PENARD / AVE ROGER COHE / AVE ROGER COHE";"44,8091000";" -0,6328400"
"202000001379";"20";"5";"2020";"07:40";"1";"33";"33162";"1";"1";"1";"3";"AVE DU MEDOC";"44,8929500";" -0,6669000"
"202000001380";"7";"5";"2020";"17:45";"1";"33";"33063";"2";"3";"1";"1";"RUE DES GENERAUX D/UCHE / RUE PIERRE TREBOD";"44,8566100";" -0,5827800"
"202000001381";"19";"5";"2020";"20:05";"1";"31";"31555";"1";"1";"1";"5";"VA007495 A62";"43,6491300";"1,4343100"
"202000001382";"20";"5";"2020";"13:10";"1";"30";"30189";"2";"4";"1";"6";"TEDENAT (RUE)";"43,8360300";"4,3564300"
"202000001383";"20";"5";"2020";"07:45";"1";"30";"30007";"2";"1";"1";"6";"QUINET (RUE EDGAR)";"44,1237350";"4,0810350"
"202000001384";"20";"5";"2020";"16:59";"1";"29";"29039";"1";"1";"7";"6";"D22 - Rue de Melgven";"47,8764600";" -3,8902100"
"202000001385";"20";"5";"2020";"08:30";"1";"29";"29019";"2";"1";"1";"3";"104 Avenue de l'Ecole Navale";"48,3801554";" -4,5270558"
"202000001386";"20";"5";"2020";"08:45";"1";"29";"29019";"2";"1";"1";"2";"Pont Robert Schumann ";"48,3980009";" -4,4917313"
"202000001387";"19";"5";"2020";"14:30";"1";"22";"22278";"2";"1";"1";"3";"LUZEL";"48,5059000";" -2,7746000"
"202000001388";"20";"5";"2020";"15:20";"1";"17";"17200";"2";"1";"1";"7";"ROSE AVENUE DU FIEF";"46,1786700";" -1,1675400"
"202000001389";"20";"5";"2020";"11:40";"1";"17";"17300";"2";"2";"1";"3";"GRANDES VARENNES   AVENUE DES";"46,1714200";" -1,1769800"
"202000001390";"20";"5";"2020";"13:55";"1";"15";"15014";"2";"2";"7";"3";"PAVATOU (BOULEVARD DU)";"44,9326300";"2,4491800"
"202000001391";"20";"5";"2020";"17:15";"1";"14";"14699";"1";"2";"7";"5";"CD 677";"49,3511300";"0,0929300"
"202000001392";"21";"5";"2020";"00:30";"5";"13";"13208";"2";"1";"1";"6";"MENDES FRANCE (AVENUE)";"43,2577780";"5,3761510"
"202000001393";"20";"5";"2020";"19:20";"2";"12";"12202";"2";"1";"1";"1";"DOCTEUR LOUIS BONNEFOUS (AVENUE DU)";"44,3444100";"2,5733900"
"202000001394";"19";"5";"2020";"08:25";"1";"12";"12202";"2";"4";"1";"6";"TOULOUSE (AVENUE DE)";"44,3448600";"2,5661200"
"202000001395";"18";"5";"2020";"09:35";"1";"12";"12202";"2";"1";"1";"6";"CHARLES DE GAULLE (PLACE)";"44,3496300";"2,5751100"
"202000001396";"15";"5";"2020";"10:00";"1";"06";"06029";"2";"1";"1";"6";"BORDE (AVENUE DE LA)(BOCCA)";"43,5670200";"6,9662000"
"202000001397";"20";"5";"2020";"21:47";"5";"06";"06004";"2";"1";"1";"3";"VALLAURIS CH.DE";"43,5764000";"7,0974000"
"202000001398";"10";"5";"2020";"21:00";"2";"01";"01283";"2";"3";"1";"3";"PAIX (RUE DE LA)";"46,2561600";"5,6597600"
"202000001399";"20";"5";"2020";"18:40";"1";"75";"75113";"2";"1";"1";"2";"QUAI D IVRY";"48,8230400";"2,3812350"
"202000001400";"20";"5";"2020";"07:40";"1";"75";"75119";"2";"1";"1";"4";"PORTE D AUBERVILLIERS";"48,9004790";"2,3752800"
"202000001401";"19";"5";"2020";"23:37";"5";"75";"75113";"2";"1";"1";"6";"BOULEVARD PERIPHERIQUE INTERIEUR SUD";"48,8174160";"2,3546740"
"202000001402";"20";"5";"2020";"20:00";"1";"75";"75105";"2";"7";"1";"6";"RUE CENSIER";"48,8393990";"2,3501730"
"202000001403";"20";"5";"2020";"11:00";"1";"75";"75105";"2";"2";"1";"6";"RUE SAINT JACQUES";"48,8495810";"2,3449100"
"202000001404";"19";"5";"2020";"22:45";"5";"75";"75105";"2";"3";"1";"3";"BOULEVARD DE PORT ROYAL";"48,8392490";"2,3383510"
"202000001405";"20";"5";"2020";"18:20";"1";"75";"75112";"2";"1";"1";"2";"COURS DE VINCENNES";"48,8479500";"2,4006980"
"202000001406";"20";"5";"2020";"18:35";"1";"75";"75119";"2";"1";"1";"2";"RUE DE CRIMEE";"48,8774950";"2,3918970"
"202000001407";"20";"5";"2020";"16:45";"1";"75";"75119";"2";"1";"1";"3";"QUAI DE L OISE";"48,8894960";"2,3811310"
"202000001408";"20";"5";"2020";"17:05";"1";"75";"75119";"2";"1";"1";"6";"BOULEVARD MACDONALD";"48,8988720";"2,3793240"
"202000001409";"20";"5";"2020";"13:20";"1";"75";"75118";"2";"1";"1";"6";"RUE PHILIPPE DE GIRARD";"48,8885160";"2,3606270"
"202000001410";"20";"5";"2020";"14:50";"1";"75";"75117";"2";"2";"1";"3";"PLACE DU BRESIL";"48,8842550";"2,3026880"
"202000001411";"19";"5";"2020";"12:25";"1";"75";"75116";"2";"7";"1";"5";"PLACE DE LA PORTE MAILLOT";"48,8771530";"2,2832780"
"202000001412";"17";"5";"2020";"13:45";"1";"75";"75116";"2";"7";"1";"3";"PLACE CHARLES DE GAULLE";"48,8737330";"2,2940710"
"202000001413";"20";"9";"2020";"05:55";"3";"93";"93066";"1";"1";"1";"6";"AUTOROUTE A1";"48,9289705";"2,3601722"
"202000001414";"20";"9";"2020";"00:30";"3";"95";"95582";"1";"1";"1";"2";" A15";"48,9669700";"2,2547400"
"202000001415";"19";"9";"2020";"19:20";"2";"95";"95572";"1";"1";"3";"4";"AUTOROUTE A15";"49,0334200";"2,1053300"
"202000001416";"20";"9";"2020";"17:20";"1";"94";"94028";"1";"1";"1";"3";"A86 EXT";"48,7916209";"2,4409774"
"202000001417";"20";"9";"2020";"14:55";"1";"77";"77059";"1";"1";"1";"7";"A104";"48,8405776";"2,6637615"
"202000001418";"20";"9";"2020";"05:35";"3";"77";"77468";"1";"1";"1";"7";"A4.W";"48,8324869";"2,6630188"
"202000001419";"20";"9";"2020";"05:30";"3";"77";"77384";"1";"1";"1";" -1";"A5b";"48,6046300";"2,6336800"
"202000001420";"19";"9";"2020";"06:30";"3";"77";"77517";"1";"1";"1";" -1";"A104.EXT";"48,9031392";"2,6475279"
"202000001421";"19";"9";"2020";"16:00";"1";"974";"97411";"2";"1";"1";"4";"VINH-SAN (BLD 3 DU PRINCE)";" -20,8830000";"55,4454000"
"202000001422";"19";"9";"2020";"11:05";"1";"974";"97416";"1";"9";"1";"3";"ANCIENNE RN 1";" -21,3250000";"55,4463000"
"202000001423";"18";"9";"2020";"20:20";"5";"69";"69383";"2";"2";"1";"6";"VENDOME                             (R )";"45,7602500";"4,8466700"
"202000001424";"19";"9";"2020";"14:40";"1";"971";"97120";"2";"2";"1";"7";"FAIDHERBE (BOULEVARD)";"16,2409800";" -61,5352100"
"202000001425";"19";"9";"2020";"17:45";"1";"91";"91687";"2";"3";"1";"2";"MARGOT (RUE)";"48,6716600";"2,3719600"
"202000001426";"19";"9";"2020";"22:10";"5";"91";"91657";"2";"2";"9";"3";"JULES VERNE (RUE)";"48,6971300";"2,4408000"
"202000001427";"19";"9";"2020";"14:00";"1";"83";"83062";"1";"1";"1";"3";"FABRI DE PEIRESC (AVENUE)";"43,1416400";"6,0300000"
"202000001428";"18";"9";"2020";"15:05";"1";"83";"83129";"2";"1";"1";"6";"DE GAULLE (PROMENADE CHARLES)";"43,1099000";"5,8128100"
"202000001429";"11";"9";"2020";"08:15";"1";"83";"83129";"2";"9";"1";"3";"STADE (RUE DU) N° IMPAIRS";"43,0951750";"5,8447600"
"202000001430";"18";"9";"2020";"17:40";"1";"77";"77215";"1";"1";"1";" -1";"RN4 HORS AGGLOMERATION";"48,7353300";"2,7489900"
"202000001431";"19";"9";"2020";"00:40";"5";"76";"76540";"2";"1";"1";"3";"RENARD. RUE DU";"49,4516700";"1,0695400"
"202000001432";"18";"9";"2020";"14:00";"1";"76";"76540";"2";"1";"1";"2";"LYONS. ROUTE DE (BRETELLE C)";"49,4368600";"1,1271900"
"202000001433";"18";"9";"2020";"11:35";"1";"74";"74305";"2";"1";"1";"3";"DEUX MONTAGNES AU QUEBEC (RUE)";"46,2056800";"6,2804700"
"202000001434";"19";"9";"2020";"22:00";"5";"69";"69266";"2";"2";"1";"3";"EDOUARD VAILLANT      (Rue)";"45,7752200";"4,8802400"
"202000001435";"19";"9";"2020";"21:10";"5";"69";"69266";"2";"1";"1";"6";"EMILE ZOLA     (Cours)";"45,7639087";"4,9103341"
"202000001436";"18";"9";"2020";"17:45";"1";"69";"69290";"2";"2";"1";"3";"JEAN JAURES                         (AV)";"45,6972300";"4,9361100"
"202000001437";"19";"9";"2020";"13:15";"1";"69";"69256";"2";"1";"1";"6";"JEAN JAURES                         (R )";"45,7869900";"4,9315900"
"202000001438";"19";"9";"2020";"13:55";"1";"64";"64140";"2";"1";"1";"7";"COTE DU MOULIN";"43,5178100";" -1,4648400"
"202000001439";"19";"9";"2020";"17:05";"1";"59";"59512";"2";"1";"1";"3";"REPUBLIQUE (BOULEVARD DE LA)";"50,7022200";"3,1608600"
"202000001440";"19";"9";"2020";"13:00";"1";"51";"51454";"2";"1";"1";"3";"Rue Noël";"49,2576050";"4,0277438"
"202000001441";"18";"9";"2020";"17:05";"1";"51";"51108";"2";"2";"1";"3";"Rue Jean Jaurès";"48,9542840";"4,3508828"
"202000001442";"19";"9";"2020";"12:50";"1";"44";"44162";"2";"6";"2";"1";"RUE DE SAINT NAZAIRE";"47,2113200";" -1,6173500"
"202000001443";"20";"9";"2020";"00:20";"5";"38";"38169";"2";"2";"1";"2";"Avenue du Vercors";"45,1924400";"5,6984400"
"202000001444";"18";"9";"2020";"18:38";"1";"33";"33522";"2";"8";"1";" -1";"CRS GAMBETTA / RUE ROGER SALENGRO";"44,8156200";" -0,5866400"
"202000001445";"17";"9";"2020";"16:45";"1";"28";"28085";"2";"3";"1";"2";"MERMOZ (RUE JEAN)";"48,4503000";"1,5092300"
"202000001446";"19";"9";"2020";"16:30";"1";"17";"17333";"2";"1";"1";"2";"COTE DE BEAUTE (BOULEVARD)";"45,5975800";" -0,9925600"
"202000001447";"18";"9";"2020";"18:50";"1";"17";"17306";"2";"1";"1";"3";"TARTANE (DE LA)";"45,6190300";" -1,0305700"
"202000001448";"18";"9";"2020";"08:15";"1";"14";"14715";"2";"1";"1";"3";"FERNAND MOUREAUX (BOULEVARD)";"49,3648100";"0,0824100"
"202000001449";"19";"9";"2020";"20:20";"5";"13";"13214";"2";"1";"1";" -1";"ARNAVON (AVENUE)";"43,3300000";"5,3820000"
"202000001450";"19";"9";"2020";"12:10";"1";"13";"13205";"2";"1";"1";"6";"BRIFFAUT (RUE)";"43,2947150";"5,3954620"
"202000001451";"18";"9";"2020";"11:50";"1";"10";"10387";"2";"1";"1";"2";"PIERRE BROSSOLETTE AVENUE";"48,2925640";"4,0741280"
"202000001452";"19";"9";"2020";"13:45";"1";"75";"75119";"2";"1";"1";"4";"BOULEVARD PERIPHERIQUE";"48,9003340";"2,3807850"
"202000001453";"19";"9";"2020";"14:08";"1";"75";"75117";"2";"1";"1";"3";"BOULEVARD PERIPHERIQUE";"48,9000500";"2,3208840"
"202000001454";"18";"9";"2020";"23:55";"5";"75";"75105";"2";"4";"1";"3";"RUE BUFFON";"48,8431860";"2,3641580"
"202000001455";"18";"9";"2020";"17:50";"1";"75";"75105";"2";"2";"1";"3";"RUE DES CARMES";"48,8489040";"2,3474710"
"202000001456";"19";"9";"2020";"02:45";"5";"75";"75120";"2";"7";"1";"3";"PLACE DE LA PORTE DE MONTREUIL";"48,8539120";"2,4130030"
"202000001457";"19";"9";"2020";"17:00";"1";"75";"75119";"2";"4";"1";"7";"AVENUE DE LA PORTE DE PANTIN";"48,8897230";"2,3966720"
"202000001458";"19";"9";"2020";"19:55";"5";"75";"75118";"2";"3";"1";"5";"RUE ORDENER";"48,8908700";"2,3532600"
"202000001459";"19";"9";"2020";"19:40";"5";"75";"75117";"2";"2";"3";"7";"RUE GUY MOQUET";"48,8915110";"2,3203290"
"202000001460";"19";"9";"2020";"16:15";"1";"75";"75116";"2";"1";"1";"3";"AVENUE DE LA PORTE DE SAINT CLOUD";"48,8385680";"2,2526830"
"202000001461";"19";"9";"2020";"02:35";"5";"75";"75116";"2";"3";"1";"2";"AVENUE DU PRESIDENT KENNEDY";"48,8558260";"2,2852470"
"202000001462";"19";"9";"2020";"22:00";"5";"75";"75113";"2";"1";"1";"2";"AVENUE D ITALIE";"48,8298910";"2,3561210"
"202000001463";"19";"9";"2020";"16:00";"1";"75";"75111";"2";"1";"1";"6";"AVENUE DU TRONE";"48,8484400";"2,3978140"
"202000001464";"19";"9";"2020";"03:35";"5";"75";"75107";"2";"7";"1";"6";"PLACE JACQUES RUEFF";"48,8557210";"2,2976780"
"202000001465";"18";"9";"2020";"12:20";"1";"75";"75107";"2";"2";"1";"2";"BOULEVARD SAINT GERMAIN";"48,8556040";"2,3268640"
"202000001466";"19";"9";"2020";"18:15";"1";"94";"94081";"2";"3";"2";"3";"FUSILLES (R DES)";"48,7879200";"2,4207500"
"202000001467";"18";"9";"2020";"23:40";"5";"94";"94080";"2";"1";"1";"2";"MINIMES (AV DES)";"48,8416000";"2,4298000"
"202000001468";"19";"9";"2020";"15:30";"1";"94";"94068";"2";"2";"1";"3";"GUYNEMER (AV)";"48,7890801";"2,4860622"
"202000001469";"19";"9";"2020";"13:00";"1";"94";"94068";"2";"2";"1";"3";"DIDEROT (AV)";"48,8023370";"2,4890620"
"202000001470";"19";"9";"2020";"20:00";"5";"94";"94016";"2";"1";"3";"6";"CAMILLE DESMOULINS (R)";"48,7926900";"2,3330400"
"202000001471";"19";"9";"2020";"16:20";"1";"94";"94076";"2";"2";"1";"5";"KARL MARX (AV)";"48,7844200";"2,3622100"
"202000001472";"19";"9";"2020";"21:25";"5";"94";"94041";"2";"2";"2";"7";"PIERRE ET MARIE CURIE (R)";"48,8148240";"2,3746400"
"202000001473";"18";"9";"2020";"23:15";"5";"94";"94041";"2";"3";"1";"1";"GASTON PICARD (R)";"48,8105010";"2,3759500"
"202000001474";"19";"9";"2020";"20:30";"5";"94";"94017";"2";"1";"1";"2";"ANATOLE FRANCE (R)";"48,8169900";"2,5463820"
"202000001475";"19";"9";"2020";"17:10";"1";"94";"94002";"2";"5";"1";"3";"BLANQUI (QU)";"48,7982300";"2,4204900"
"202000001476";"19";"9";"2020";"04:15";"5";"93";"93053";"2";"1";"1";"2";"PARIS (RUE DE)";"48,9004000";"2,4524000"
"202000001477";"19";"9";"2020";"13:30";"1";"93";"93051";"2";"9";"1";"7";"MEDERIC (AVENUE)";"48,8292667";"2,5663794"
"202000001478";"19";"9";"2020";"19:45";"1";"93";"93049";"2";"2";"1";"3";"AV GEORGES CLEMENCEAU / R PAUL VAILLANT COUTURIER";"48,8614900";"2,5040000"
"202000001479";"18";"9";"2020";"22:00";"5";"93";"93049";"2";"5";"1";"3";"GALLIENI (BOULEVARD)";"48,8524500";"2,5118100"
"202000001480";"19";"9";"2020";"18:00";"1";"93";"93029";"2";"2";"1";"1";"SADI CARNOT";"48,9250951";"2,4412935"
"202000001481";"19";"9";"2020";"19:15";"2";"93";"93027";"2";"1";"3";"3";"VAILLANT-COUTURIER (AVENUE PAUL)";"48,9265300";"2,4167500"
"202000001482";"19";"9";"2020";"12:00";"1";"93";"93008";"2";"2";"1";"3";"R DE LA REPUBLIQUE / R DE LA DEVIATION";"48,9066000";"2,4333100"
"202000001483";"19";"9";"2020";"18:10";"1";"93";"93001";"2";"1";"1";"6";"ANATOLE FRANCE  (BLD) IMPAIR";"48,9186604";"2,3824173"
"202000001484";"19";"9";"2020";"20:25";"5";"92";"92075";"2";"4";"2";"3";"PASTEUR (AVENUE)";"48,8238580";"2,2929930"
"202000001485";"19";"9";"2020";"08:10";"1";"92";"92050";"2";"3";"1";"3";"VAILLANT COUTURIER PAUL RUE";"48,8825300";"2,2044400"
"202000001486";"19";"9";"2020";"15:40";"1";"92";"92036";"2";"1";"1";"7";"LOUIS ROCHE (AVENUE) (47/151)";"48,9219610";"2,3238930"
"202000001487";"19";"9";"2020";"00:50";"5";"92";"92036";"2";"2";"1";"7";"LUCIEN LANTERNIER (AVENUE) (1/17)";"48,9331540";"2,2941390"
"202000001488";"19";"9";"2020";"11:48";"1";"92";"92026";"2";"1";"1";"6";"JEAN-PIERRE TIMBAUD";"48,8982990";"2,2529870"
"202000001489";"19";"9";"2020";"23:00";"5";"92";"92025";"2";"1";"2";"3";"GABRIEL PERI (RUE)";"48,9198200";"2,2423980"
"202000001490";"19";"9";"2020";"03:00";"5";"92";"92012";"2";"1";"1";"7";"ANATOLE FRANCE (BOULEVARD) 5/FIN";"48,8513676";"2,2331429"
"202000001491";"20";"9";"2020";"15:45";"1";"22";"22274";"1";"1";"1";"2";"rd 26 montmusson";"48,3579933";" -2,0067805"
"202000001492";"19";"9";"2020";"16:30";"1";"51";"51649";"2";"2";"1";"7";"Rue du Pont";"48,7265254";"4,5834177"