"Num_Acc";"jour";"mois";"an";"hrmn";"lum";"dep";"com";"agg";"int";"atm";"col";"adr";"lat";"long"
"202000001872";"16";"10";"2020";"19:00";"2";"94";"94052";"1";"1";"1";"7";"A86 INT";"48,8272200";"2,5209400"
"202000001873";"16";"10";"2020";"14:30";"1";"94";"94017";"1";"1";"1";"2";"A4";"48,8297400";"2,4845600"
"202000001874";"18";"10";"2020";"05:40";"2";"988";"98818";"2";"3";"1";"3";"AVENUE JAMES COOK/RUE COMMANDANT ALEXANDRE BABO";" -22,2678900";"166,4270400"
"202000001875";"18";"10";"2020";"06:40";"1";"988";"98818";"2";"1";"1";"4";"AVENUE JAMES COOK";" -22,2681000";"166,4291100"
"202000001876";"17";"10";"2020";"16:20";"1";"988";"98818";"2";"3";"1";"3";"PROMENADE ROGER LAROQUE";" -22,3075500";"166,4501600"
"202000001877";"17";"10";"2020";"10:05";"1";"988";"98818";"2";"1";"1";"2";"ROUTE EXPRESS DU MONT DORE";" -22,2281300";"166,4896900"
"202000001878";"17";"10";"2020";"14:35";"2";"974";"97407";"2";"1";"1";"3";"Rue Amilcar Cabral";" -20,9463600";"55,2995100"
"202000001879";"17";"10";"2020";"20:50";"5";"69";"69259";"2";"1";"1";"6";"PRESIDENT EDOUARD HERRIOT (DU)      (R )";"45,6964450";"4,8767737"
"202000001880";"16";"10";"2020";"20:40";"5";"972";"97213";"1";"1";"2";"4";"AUTOROUTE A1";"14,6182051";" -61,0339236"
"202000001881";"17";"10";"2020";"19:17";"5";"95";"95585";"2";"1";"1";"3";"ZOLA (RUE EMILE)";"48,9859379";"2,3925680"
"202000001882";"17";"10";"2020";"17:20";"1";"95";"95585";"2";"1";"1";"3";"FRANCK (AVENUE CESAR)";"48,9730600";"2,3751200"
"202000001883";"16";"10";"2020";"18:45";"1";"95";"95280";"2";"1";"1";"3";"MARECHAL DELATTRE DE TASSIGNY (DU)";"49,0320760";"2,4717430"
"202000001884";"17";"10";"2020";"12:20";"1";"91";"91570";"2";"9";"8";"6";"TIPHOINES (RUE)VILLAGE HOTEL";"48,6284100";"2,2995700"
"202000001885";"17";"10";"2020";"10:30";"1";"91";"91064";"2";"1";"8";"3";"PARIS (RUE DE)";"48,7574200";"2,2187600"
"202000001886";"17";"10";"2020";"14:44";"1";"91";"91377";"2";"1";"1";"6";"GARE (AVENUE DE LA)";"48,7342000";"2,2730700"
"202000001887";"16";"10";"2020";"14:00";"1";"91";"91377";"2";"9";"8";"2";"LECLERC (AVENUE DU MARECHAL)";"48,7215000";"2,2991000"
"202000001888";"9";"10";"2020";"08:00";"1";"91";"91027";"2";"2";"2";"5";"RUE ANDRE LAUNAY";"48,7128520";"2,3909890"
"202000001889";"17";"10";"2020";"16:15";"1";"82";"82121";"2";"3";"1";"6";"SARRAIL (RUE DU GENERAL)";"44,0151000";"1,3477000"
"202000001890";"17";"10";"2020";"20:45";"5";"77";"77296";"1";"2";"1";"6";"RD 306";"48,6175410";"2,5688320"
"202000001891";"17";"10";"2020";"16:25";"1";"77";"77320";"2";"1";"1";"1";"GENERAL DE GAULLE (AVENUE DU)";"48,8280545";"3,0315580"
"202000001892";"16";"10";"2020";"08:40";"1";"76";"76575";"2";"6";"1";"2";"MARE AUX DAIMS. AVENUE DE LA";"49,3897600";"1,0714500"
"202000001893";"16";"10";"2020";"16:09";"1";"67";"67462";"2";"2";"1";"3";"GENERAL DE GAULLE (PLACE DU)";"48,2595620";"7,4464710"
"202000001894";"17";"10";"2020";"06:43";"5";"65";"65440";"2";"3";"1";"3";"BRIAND (AVENUE ARISTIDE)";"43,2172528";"0,0560942"
"202000001895";"17";"10";"2020";"10:30";"1";"64";"64445";"2";"1";"1";" -1";"JEAN JACQUES DE MONAIX";"43,3029000";" -0,3589000"
"202000001896";"17";"10";"2020";"18:55";"5";"59";"59656";"2";"3";"1";"3";"BRIAND (RUE ARISTIDE)";"50,7706680";"3,0426370"
"202000001897";"17";"10";"2020";"10:35";"1";"59";"59279";"2";"2";"1";"1";"NEUVILLE (ROUTE DE)";"50,7768510";"3,1331320"
"202000001898";"22";"9";"2020";"22:30";"5";"59";"59009";"2";"2";"1";"3";"VAN GOGH BOULEVARD";"50,6201300";"3,1354200"
"202000001899";"17";"10";"2020";"19:45";"5";"59";"59328";"2";"1";"2";"3";"DE GAULLE AVENUE DU GAL";"50,6539416";"3,0312744"
"202000001900";"17";"10";"2020";"21:45";"5";"45";"45234";"2";"2";"1";"3";"Avenue des Droits de l’Homme - rue du petit pont";"47,9226120";"1,9296450"
"202000001901";"17";"10";"2020";"09:07";"1";"45";"45075";"2";"6";"1";"6";"Route d’Orléans";"47,8935370";"1,8491550"
"202000001902";"12";"7";"2020";"08:30";"1";"42";"42305";"2";"1";"1";"6";"Rue Victor Hugo";"45,4797857";"4,4310623"
"202000001903";"17";"10";"2020";"16:00";"1";"38";"38185";"2";"1";"1";"2";"A480";"45,1621900";"5,7017000"
"202000001904";"17";"10";"2020";"08:55";"1";"35";"35055";"2";"1";"8";"3";"06 JUIN 1944 (RUE DU)";"48,0938720";" -1,6149504"
"202000001905";"17";"10";"2020";"17:10";"1";"33";"33009";"2";"1";"1";"2";"D650";"44,6588400";" -1,1517600"
"202000001906";"17";"10";"2020";"23:45";"5";"29";"29019";"2";"1";"1";"4";"Rue Dupleix";"48,3927700";" -4,4827800"
"202000001907";"17";"10";"2020";"16:35";"1";"29";"29019";"2";"2";"1";"3";"Rue Albert Thibaudet";"48,3754000";" -4,5413000"
"202000001908";"6";"4";"2020";"20:30";"5";"19";"19272";"2";"1";"1";"6";"Alsace Lorraine (Avenue)";"45,2614600";"1,7569200"
"202000001909";"17";"10";"2020";"07:20";"5";"13";"13214";"2";"1";"1";"1";"AYGALADES (AVENUE DES)";"43,3399170";"5,3657280"
"202000001910";"17";"10";"2020";"01:40";"5";"13";"13215";"2";"1";"1";"3";"Petite Ourse (rue de la)";"43,3417500";"5,3729600"
"202000001911";"25";"8";"2020";"06:10";"3";"62";"62680";"1";"1";"2";"4";"A1";"50,3669560";"2,9669310"
"202000001912";"16";"10";"2020";"20:30";"5";"13";"13205";"2";"1";"1";"3";"SAINT PIERRE (RUE)";"43,2922600";"5,3960000"
"202000001913";"23";"8";"2020";"07:20";"1";"988";"98827";"1";"1";"2";"3";"Tribu de Gohapin";" -21,2683300";"165,2748800"
"202000001914";"17";"10";"2020";"13:55";"1";"13";"13001";"1";"1";"1";"2";"RD 7";"43,5816400";"5,3770000"
"202000001915";"24";"8";"2020";"02:40";"5";"971";"97124";"2";"1";"1";"6";"2 Route de Bologne";"16,0131870";" -61,7101410"
"202000001916";"17";"10";"2020";"20:10";"5";"10";"10333";"2";"9";"1";"3";"AUXERRE (ROUTE)";"48,2685100";"4,0479300"
"202000001917";"12";"8";"2020";"10:40";"1";"45";"45108";"1";"1";"1";"6";"D956";"47,6462510";"2,5309750"
"202000001918";"17";"10";"2020";"20:41";"3";"10";"10357";"1";"1";"1";"6";"GENERAL DE GAULLE (RUE DU)";"48,2940600";"4,1446900"
"202000001919";"16";"8";"2020";"16:30";"1";"77";"77329";"1";"2";"1";"3";"D225 - D58";"48,2404770";"2,8091260"
"202000001920";"17";"10";"2020";"15:55";"1";"75";"75120";"2";"1";"1";"2";"PORTE DE BAGNOLET";"48,8696430";"2,4132670"
"202000001921";"24";"8";"2020";"06:55";"1";"91";"91098";"1";"1";"1";"6";"D191";"48,4561040";"2,0598080"
"202000001922";"17";"10";"2020";"15:13";"1";"75";"75108";"2";"2";"1";"3";"PLACE DE LA CONCORDE";"48,8666630";"2,3220110"
"202000001923";"24";"8";"2020";"20:40";"3";"2A";"2A163";"1";"3";"1";"3";"croisement T40 / D50";"41,5000018";"9,0049085"
"202000001924";"16";"10";"2020";"16:42";"1";"75";"75112";"2";"2";"1";"6";"AVENUE DE FONTENAY";"48,8401300";"2,4613890"
"202000001925";"15";"8";"2020";"18:00";"1";"84";"84092";"2";"1";"1";" -1";"d 225";"43,9701850";"4,8635810"
"202000001926";"2";"2";"2020";"01:35";"5";"62";"62160";"2";"1";"1";"7";"NATIONALE (Rue)";"50,7224700";"1,6060300"
"202000001927";"17";"10";"2020";"20:30";"5";"75";"75117";"2";"2";"1";"3";"AVENUE DE LA PORTE D ASNIERES";"48,8922700";"2,3010090"
"202000001928";"23";"8";"2020";"17:30";"1";"83";"83099";"2";"1";"1";"3";"Route Nationale 7";"43,4528720";"6,6914410"
"202000001929";"17";"10";"2020";"16:00";"1";"75";"75116";"2";"2";"1";"6";"RUE D AUTEUIL";"48,8479880";"2,2640940"
"202000001930";"3";"2";"2020";"18:49";"5";"59";"59588";"2";"1";"3";"6";"CHAPEAU ROUGE - ROUTE";"51,0275679";"2,4282441"
"202000001931";"25";"8";"2020";"18:25";"1";"05";"05070";"2";"4";"1";"1";"Avenue de Grenoble";"44,3168940";"5,8139830"
"202000001932";"16";"10";"2020";"10:15";"1";"75";"75116";"2";"1";"1";"3";"AVENUE DE VERSAILLES";"48,8385570";"2,2594790"
"202000001933";"3";"2";"2020";"18:17";"5";"59";"59183";"2";"3";"3";"1";"QUATRE ECLUSES - QUAI";"51,0297900";"2,3803300"
"202000001934";"25";"8";"2020";"08:00";"1";"13";"13109";"2";"2";"1";"3";"Avenue Paul Julien";"43,5110320";"5,4869570"
"202000001935";"24";"8";"2020";"09:20";"1";"70";"70310";"2";"1";"1";"3";"Route de Belfort";"47,6750220";"6,5188840"
"202000001936";"16";"10";"2020";"23:00";"5";"75";"75113";"2";"3";"1";"3";"RUE DE TOLBIAC";"48,8263410";"2,3614950"
"202000001937";"1";"2";"2020";"06:10";"5";"59";"59183";"2";"3";"8";"6";"MARDYCK - QUAI";"51,0289200";"2,3663300"
"202000001938";"17";"10";"2020";"11:50";"1";"75";"75112";"2";"2";"1";"3";"AVENUE DE LA PORTE DE CHARENTON";"48,8317040";"2,3978960"
"202000001939";"24";"8";"2020";"09:35";"1";"88";"88222";"1";"1";"1";"1";"PK 16+450 RD 420";"48,2476830";"6,6182430"
"202000001940";"24";"8";"2020";"17:20";"1";"74";"74136";"1";"1";"1";"7";"D4";"45,9786980";"6,4677500"
"202000001941";"16";"10";"2020";"21:30";"5";"75";"75108";"2";"2";"1";"7";"BOULEVARD MALESHERBES";"48,8794360";"2,3142650"
"202000001942";"2";"2";"2020";"14:30";"1";"56";"56083";"1";"1";"2";"6";"RN 165";"47,7881772";" -3,2804417"
"202000001943";"2";"2";"2020";"02:05";"5";"56";"56083";"2";"1";"3";"6";"JAURES ( AV. JEAN )";"47,8013856";" -3,2812725"
"202000001944";"16";"10";"2020";"22:45";"5";"75";"75107";"2";"3";"1";"3";"RUE DE SEVRES";"48,8460040";"2,3138170"
"202000001945";"24";"6";"2020";"15:30";"1";"73";"73179";"2";"3";"1";"3";"Residence Sainte Anne";"45,5975712";"5,8753155"
"202000001946";"1";"2";"2020";"18:35";"5";"56";"56083";"2";"2";"2";"3";"8 MAI 1945 ( AV. DU )";"47,8024300";" -3,2901300"
"202000001947";"24";"8";"2020";"19:00";"1";"07";"07341";"2";"6";"1";"7";"N/A";"44,5718520";"4,5107460"
"202000001948";"17";"10";"2020";"14:45";"1";"75";"75104";"2";"2";"1";"3";"RUE CRILLON";"48,8495180";"2,3656210"
"202000001949";"17";"10";"2020";"00:43";"5";"75";"75101";"2";"5";"1";"7";"RUE MONTMARTRE";"48,8647830";"2,3451330"
"202000001950";"31";"1";"2020";"20:33";"5";"54";"54431";"1";"3";"1";"1";"D952";"48,9129500";"6,0374940"
"202000001951";"20";"8";"2020";"14:10";"1";"17";"17161";"2";"1";"1";"3";"17 Rue Jean Henry Laine";"46,1864900";" -1,3217550"
"202000001952";"21";"8";"2020";"16:10";"1";"33";"33164";"1";"1";"1";"6";"D8";"44,5399300";" -0,2866200"
"202000001953";"17";"10";"2020";"12:10";"1";"94";"94081";"2";"1";"1";"3";"JEAN JAURES (AV)";"48,7941706";"2,4008874"
"202000001954";"3";"2";"2020";"18:15";"5";"54";"54184";"2";"1";"2";"6";"avenue Foch";"48,7051000";"6,2254000"
"202000001955";"16";"10";"2020";"19:20";"5";"94";"94058";"2";"4";"1";"1";"LAMARTINE (AV)";"48,8508160";"2,4970320"
"202000001956";"25";"8";"2020";"08:10";"2";"33";"33260";"1";"1";"1";"2";"Rue de la Gare";"44,4527760";" -0,9410480"
"202000001957";"3";"2";"2020";"13:05";"1";"54";"54395";"2";"3";"2";"2";"MAZAGRAN (RUE)";"48,6905992";"6,1755026"
"202000001958";"17";"10";"2020";"09:30";"1";"94";"94043";"2";"1";"8";"2";"FONTAINEBLEAU (AV DE)";"48,8149000";"2,3609000"
"202000001959";"31";"1";"2020";"22:30";"3";"54";"54382";"2";"2";"1";"3";"PINS (AVENUE DES)";"49,5365900";"5,7645300"
"202000001960";"16";"10";"2020";"20:00";"5";"94";"94041";"2";"1";"1";"1";"GEORGES GOSNAT (AV)";"48,8147600";"2,3907000"
"202000001961";"3";"2";"2020";"19:12";"3";"53";"53130";"2";"1";"1";"3";"ELAIN (BOULEVARD PIERRE)";"48,0843600";" -0,7885100"
"202000001962";"25";"8";"2020";"12:20";"1";"80";"80383";"1";"1";"1";"7";"autoroute A1 PK103+800";"49,7264700";"2,7802810"
"202000001963";"24";"8";"2020";"17:10";"1";"13";"13210";"1";"1";"1";"2";"A50-Sens Marseille vers Aubagne";"43,2845200";"5,4067000"
"202000001964";"3";"2";"2020";"18:20";"5";"51";"51172";"2";"1";"2";"1";"Rue de Picardie";"49,2238849";"4,0411897"
"202000001965";"17";"10";"2020";"19:41";"2";"94";"94022";"2";"2";"1";"3";"REPUBLIQUE (AV DE LA)";"48,7576100";"2,4100600"
"202000001966";"24";"8";"2020";"18:30";"1";"13";"13106";"1";"1";"1";"5";"A51-Sens Aix en Provence vers Marseille";"43,4065986";"5,3617090"
"202000001967";"17";"10";"2020";"17:50";"1";"94";"94022";"2";"1";"8";"6";"VICTOR HUGO (AV)";"48,7681500";"2,4181550"
"202000001968";"2";"2";"2020";"03:52";"3";"49";"49007";"2";"1";"2";"7";"ESTIENNE D'ORVES BOULEVARD";"47,4598800";" -0,5203400"
"202000001969";"17";"10";"2020";"21:45";"4";"94";"94081";"2";"1";"1";"1";"167 R GABRIEL PERI";"48,7920952";"2,4016047"
"202000001970";"20";"8";"2020";"18:35";"1";"13";"13005";"1";"1";"1";"4";"A50-Sens Aubagne vers Marseille";"43,2889659";"5,5600183"
"202000001971";"3";"2";"2020";"21:40";"3";"44";"44109";"2";"1";"2";"3";"Quai Malakoff";"47,2142600";" -1,5407100"
"202000001972";"17";"10";"2020";"20:10";"5";"93";"93064";"2";"1";"1";"6";"DE GAULLE (AV DU GENERAL) 58/49 - FIN";"48,8844900";"2,4738600"
"202000001973";"23";"8";"2020";"23:10";"3";"69";"69199";"1";"1";"1";"2";"A7 ";"45,6914800";"4,8452900"
"202000001974";"24";"8";"2020";"12:40";"1";"92";"92078";"1";"1";"1";"7";"AUTOROUTE A86";"48,9281100";"2,3327900"
"202000001975";"24";"8";"2020";"04:25";"3";"95";"95252";"1";"1";"1";"7";"A15";"48,9803000";"2,2263000"
"202000001976";"17";"10";"2020";"10:40";"1";"93";"93074";"2";"3";"1";"3";"R ALEXANDRE BOUCHER / D933";"48,9339000";"2,5666600"
"202000001977";"24";"8";"2020";"02:30";"3";"95";"95060";"1";"1";"1";"7";" A115";"49,0351529";"2,1963139"
"202000001978";"17";"10";"2020";"10:50";"1";"93";"93031";"2";"9";"1";"3";"REPUBLIQUE (AVENUE)";"48,9466600";"2,3442400"
"202000001979";"2";"2";"2020";"11:15";"1";"37";"37261";"2";"3";"1";"2";"WAGNER (BOULEVARD RICHARD)";"47,3768594";"0,7134019"
"202000001980";"17";"10";"2020";"18:15";"2";"93";"93029";"2";"1";"1";"6";"HENRI BARBUSSE (AVE) N°2-124";"48,9189400";"2,4495300"
"202000001981";"24";"8";"2020";"02:10";"4";"93";"93066";"1";"1";"1";"6";"AUTOROUTE A1";"48,9139100";"2,3577200"
"202000001982";"3";"2";"2020";"08:50";"1";"37";"37261";"2";"1";"2";"7";"MAGINOT (AV. ANDRE)";"47,4134312";"0,6864742"
"202000001983";"17";"10";"2020";"11:10";"1";"93";"93007";"2";"4";"1";"3";"HENRI BARBUSSE (AVENUE)";"48,9431558";"2,4658807"
"202000001984";"2";"2";"2020";"18:10";"3";"37";"37233";"2";"1";"2";"6";"Quai de la Loire";"47,3967257";"0,7249180"
"202000001985";"23";"8";"2020";"02:25";"3";"95";"95500";"1";"1";"1";"2";"AUTOROUTE A15";"49,0376200";"2,0902400"
"202000001986";"17";"10";"2020";"08:40";"1";"93";"93005";"2";"6";"1";"3";"GEORGES BRAQUE (BOULEVARD)";"48,9555909";"2,4800835"
"202000001987";"17";"10";"2020";"16:05";"1";"93";"93001";"2";"9";"1";" -1";"GAMBETTA (QUAI)";"48,9046107";"2,3787524"
"202000001988";"3";"2";"2020";"19:50";"5";"35";"35238";"2";"2";"3";"3";"TILLON (AVENUE CHARLES)";"48,1244900";" -1,7097600"
"202000001989";"23";"8";"2020";"19:30";"1";"69";"69383";"2";"3";"1";"3";"VOLTAIRE                            (R )";"45,7583700";"4,8486500"
"202000001990";"17";"10";"2020";"11:30";"1";"92";"92020";"2";"1";"1";"6";"PARIS AVENUE DE N° IMPAIRS";"48,8063654";"2,2924371"
"202000001991";"23";"8";"2020";"04:30";"3";"69";"69386";"2";"1";"1";"6";"BOSSUET                             (R )";"45,7679900";"4,8524581"
"202000001992";"3";"2";"2020";"09:30";"1";"35";"35051";"2";"3";"1";"3";"PARIS (RUE DE)";"48,1142490";" -1,6073720"
"202000001993";"17";"10";"2020";"12:10";"1";"92";"92019";"2";"9";"1";"3";"SALENGRO ROGER (AV)";"48,7691120";"2,2737240"
"202000001994";"3";"2";"2020";"13:10";"1";"34";"34172";"2";"2";"1";"3";"GIRAUD (AVENUE DU DOYEN GASTON)";"43,6343270";"3,8494060"
"202000001995";"17";"10";"2020";"20:15";"5";"92";"92012";"2";"6";"8";"3";"MARCEL SEMBAT (PLACE)";"48,8337900";"2,2435700"
"202000001996";"23";"8";"2020";"14:19";"1";"95";"95680";"2";"3";"1";"3";"PIERRE SEMARD (AVENUE)";"48,9996666";"2,4123359"
"202000001997";"4";"2";"2020";"02:06";"5";"33";"33063";"2";"1";"1";" -1";"Quai de Bacalan";"44,8579200";" -0,5585600"
"202000001998";"18";"10";"2020";"11:27";"1";"54";"54109";"1";"1";"1";"3";"D913";"48,5173932";"6,1556321"
"202000001999";"17";"10";"2020";"10:15";"1";"51";"51649";"2";"6";"1";"2";"Grande Rue de Vaux";"48,7286085";"4,5870305"
"202000002000";"3";"2";"2020";"15:50";"1";"33";"33192";"2";"3";"1";"3";"23 Cours du Général de Gaulle";"44,7863300";" -0,6051000"
"202000002001";"18";"10";"2020";"12:00";"1";"17";"17010";"2";"6";"1";"3";"8 Avenue de Chatelaillon";"46,1010900";" -1,0986396"
"202000002002";"23";"8";"2020";"04:00";"5";"91";"91589";"2";"1";"1";"6";"ECOLES (AVENUE DES)";"48,6891000";"2,3478700"
"202000002003";"3";"2";"2020";"06:30";"5";"33";"33039";"2";"1";"1";"3";"354 RTE DE TOULOUSE";"44,7979400";" -0,5688600"
"202000002004";"18";"10";"2020";"11:45";"1";"31";"31364";"2";"1";"1";"1";"1 Chemin du Tucol";"43,7217690";"1,4814000"
"202000002005";"18";"10";"2020";"12:49";"1";"12";"12027";"1";"1";"5";"6";"D920";"44,5214750";"2,7340290"
"202000002006";"23";"8";"2020";"16:05";"1";"91";"91286";"2";"9";"1";"6";"ROUTE NATIONALE 7";"48,6649820";"2,3983020"
"202000002007";"1";"2";"2020";"06:09";"3";"31";"31555";"1";"1";"2";"6";"VA007331 A620";"43,5723187";"1,4365611"
"202000002008";"23";"8";"2020";"03:25";"5";"71";"71153";"2";"1";"1";"6";"VERDUN (AVENUE DE)";"46,8001370";"4,4391835"
"202000002009";"18";"10";"2020";"12:45";"1";"974";"97414";"2";"1";"1";"7";"Rue de la Palissade";" -21,2825010";"55,4197440"
"202000002010";"31";"1";"2020";"23:55";"5";"31";"31555";"2";"1";"1";"3";"FITTE (ALL CHARLES DE) DU 39AU 109";"43,6005100";"1,4287600"
"202000002011";"18";"10";"2020";"03:40";"4";"38";"38239";"1";"1";"1";"7";"Route de Valence";"45,3240510";"5,5484710"
"202000002012";"17";"10";"2020";"16:45";"1";"30";"30117";"1";"1";"1";" -1";"Rue d'Arles";"43,6870070";"4,6056850"
"202000002013";"2";"2";"2020";"18:55";"3";"27";"27681";"1";"1";"2";"1";"IVRY (ROUTE D')";"49,0745000";"1,4747000"
"202000002014";"21";"8";"2020";"20:15";"1";"69";"69256";"2";"1";"1";"1";"MAURICE THOREZ                      (AV)";"45,7803194";"4,9141395"
"202000002015";"17";"10";"2020";"01:20";"3";"29";"29226";"1";"1";"1";"1";"D43 - Trefest Izella";"48,0491120";" -4,3919560"
"202000002016";"23";"8";"2020";"20:45";"1";"64";"64102";"2";"1";"1";"2";"CAMAYOU (AVENUE)";"43,5055059";" -1,4644155"
"202000002017";"17";"10";"2020";"19:00";"3";"57";"57738";"1";"1";"1";"7";"RD86";"49,1375160";"7,4658750"
"202000002018";"23";"8";"2020";"23:30";"3";"43";"43089";"1";"1";"1";"2";"RD 590";"45,0564175";"3,8407624"
"202000002019";"29";"1";"2020";"14:25";"1";"26";"26198";"2";"1";"1";"2";"28 Avenue John Fitzgerald Kennedy";"44,5550400";"4,7365600"
"202000002020";"1";"9";"2020";"10:00";"1";"51";"51662";"2";"3";"1";"2";"A34";"49,2811420";"4,1076356"
"202000002021";"3";"2";"2020";"07:24";"3";"25";"25056";"1";"1";"2";"6";"RN57 - Rocade MONTBOUCONS";"47,2635200";"6,0060500"
"202000002022";"20";"8";"2020";"21:30";"5";"42";"42103";"2";"3";"1";"3";"Rue Jean Jaurés";"45,5062200";"4,5708400"
"202000002023";"17";"10";"2020";"22:30";"5";"19";"19192";"2";"1";"1";" -1";"Avenue de la Souvigné";"45,1284710";"1,8915050"
"202000002024";"2";"2";"2020";"03:45";"5";"22";"22278";"2";"1";"2";"7";"BREST (DE)";"48,5130500";" -2,7684800"
"202000002025";"23";"8";"2020";"22:55";"3";"37";"37122";"2";"1";"1";"7";"N/A";"47,3681934";"0,6538319"
"202000002026";"17";"10";"2020";"08:50";"1";"76";"76504";"1";"2";"1";"3";"300 Route de Fontaine";"49,8081753";"0,7530765"
"202000002027";"23";"8";"2020";"16:40";"1";"37";"37261";"2";"1";"1";"6";"PAGES (ALLEE GASTON)";"47,4053318";"0,7041708"
"202000002028";"18";"10";"2020";"11:17";"1";"80";"80722";"1";"1";"1";"2";"D12";"49,9584260";"2,2259760"
"202000002029";"3";"2";"2020";"15:30";"1";"14";"14118";"2";"2";"2";"3";"JUIN (BOULEVARD MARECHAL)";"49,2112340";" -0,3628708"
"202000002030";"23";"8";"2020";"03:00";"5";"33";"33063";"2";"3";"1";"3";"QUAI DE LA GRAVE";"44,8349000";" -0,5634900"
"202000002031";"18";"10";"2020";"16:35";"1";"82";"82075";"2";"2";"1";"3";"Rue des Nauzes";"43,8335470";"1,2877150"
"202000002032";"3";"2";"2020";"09:30";"1";"13";"13209";"2";"1";"1";"2";"MICHELET (BOULEVARD)";"43,2615560";"5,3975790"
"202000002033";"18";"10";"2020";"18:20";"2";"63";"63372";"1";"2";"1";"3";"D224";"45,9076428";"3,3145351"
"202000002034";"23";"8";"2020";"21:10";"5";"33";"33009";"2";"1";"1";" -1";"159 Boulevard de la Plage";"44,6627300";" -1,1632600"
"202000002035";"4";"2";"2020";"01:00";"5";"13";"13001";"2";"1";"1";"6";"BELGES (AV DES)";"43,5252500";"5,4446600"
"202000002036";"18";"10";"2020";"17:25";"1";"61";"61464";"2";"1";"1";"6";"Rue d'Argentré";"48,6045910";"0,1740480"
"202000002037";"2";"2";"2020";"17:32";"1";"11";"11069";"2";"2";"1";"3";"VERNE JULES -AVENUE-";"43,2080000";"2,3300000"
"202000002038";"23";"8";"2020";"17:45";"1";"29";"29051";"1";"1";"1";"6";"D15 - Avenue de Coray";"48,0098800";" -4,0261000"
"202000002039";"18";"10";"2020";"16:15";"1";"12";"12131";"1";"1";"1";"6";"D581";"44,4170460";"2,6437570"
"202000002040";"18";"10";"2020";"17:00";"1";"41";"41036";"2";"1";"1";"7";"Rue des Genets";"47,6100580";"2,1675340"
"202000002041";"31";"1";"2020";"17:30";"1";"11";"11069";"2";"1";"1";"7";"RODIN AUGUSTE";"43,2143100";"2,3368200"
"202000002042";"23";"8";"2020";"18:00";"1";"15";"15012";"2";"1";"1";"6";"MILHAUD (AVENUE)";"44,9039700";"2,4555500"
"202000002043";"17";"10";"2020";"05:00";"3";"41";"41135";"2";"1";"1";"6";"52 Rue Marcel Bailly";"47,2686770";"1,8741140"
"202000002044";"30";"1";"2020";"13:33";"1";"10";"10297";"2";"3";"2";"6";"DANTON (RUE)";"48,3218000";"4,0992000"
"202000002045";"16";"10";"2020";"11:00";"1";"86";"86225";"1";"1";"1";"7";"Bonnaide";"46,8631250";"0,0838350"
"202000002046";"23";"8";"2020";"11:20";"1";"14";"14437";"1";"9";"1";" -1";"PERIPHERIQUE NORD (BOULEVARD)";"49,1710300";" -0,3047600"
"202000002047";"3";"2";"2020";"16:35";"1";"06";"06069";"1";"1";"1";"7";"PEGOMAS (ROUTE DE)";"43,6231620";"6,9262840"
"202000002048";"17";"10";"2020";"23:00";"3";"25";"25502";"2";"1";"1";"6";"Route de Salans";"47,1638890";"5,8173680"
"202000002049";"3";"2";"2020";"07:30";"2";"06";"06029";"2";"1";"1";"6";"REPUBLIQUE (BOULEVARD DE LA)";"43,5594400";"7,0208000"
"202000002050";"17";"10";"2020";"05:30";"5";"29";"29215";"2";"1";"1";"6";"Rue de Pont-l'Abbé";"47,9853830";" -4,4095580"
"202000002051";"23";"8";"2020";"23:15";"5";"13";"13213";"2";"1";"1";"2";"OLIVES (AVENUE DES)";"43,3264811";"5,4384524"
"202000002052";"3";"2";"2020";"17:10";"1";"06";"06123";"2";"1";"1";"2";"BORD DE MER RN 98";"43,6566900";"7,1788800"
"202000002053";"18";"10";"2020";"02:00";"3";"38";"38555";"1";"1";"1";"3";"Route de la Côte Saint André";"45,4620440";"5,1333950"
"202000002054";"23";"8";"2020";"12:50";"1";"13";"13214";"2";"1";"1";"6";"CLAUDE MONET (avenue)";"43,3240600";"5,3933700"
"202000002055";"3";"2";"2020";"09:45";"1";"06";"06027";"2";"1";"1";"6";"VERNE RUE JULES";"43,6603000";"7,1441000"
"202000002056";"18";"10";"2020";"16:30";"1";"38";"38560";"2";"1";"8";"1";"Place de la Guinguette";"45,4885400";"5,4738900"
"202000002057";"31";"1";"2020";"18:15";"5";"03";"03001";"2";"2";"1";"3";"Avenue de Vichy";"46,0998120";"3,4440826"
"202000002058";"17";"10";"2020";"00:45";"3";"03";"03083";"1";"2";"1";"7";"1 Route de Moulins";"46,3439553";"3,2863233"